date,temperature,humidity,precipitation,wind_speed,pressure,weather_condition,province
1/1/2025,17.6,73,0,10.7,1015,2,Ha Noi
1/2/2025,18.5,69,0,10.9,1016.1,2,Ha Noi
1/3/2025,19.3,64,0,12.1,1017.7,3,Ha Noi
1/4/2025,18.3,68,0,15.1,1016.5,3,Ha Noi
1/5/2025,18.7,61,0,10.1,1018.1,3,Ha Noi
1/6/2025,18.1,67,0,12.2,1015.6,0,Ha Noi
1/7/2025,17.8,79,0,13.3,1014.9,3,Ha Noi
1/8/2025,18.8,79,0.7,14,1015.7,51,Ha Noi
1/9/2025,18.6,57,0,21.1,1019.1,3,Ha Noi
1/10/2025,15.8,48,0,21.2,1025.5,3,Ha Noi
1/11/2025,14.8,44,0,18.2,1028.1,3,Ha Noi
1/12/2025,14.1,47,0,11.5,1024.3,3,Ha Noi
1/13/2025,14.7,61,0,12.6,1019.4,1,Ha Noi
1/14/2025,16.8,72,0,12,1018.7,3,Ha Noi
1/15/2025,19.1,56,0.3,18.2,1022.3,51,Ha Noi
1/16/2025,17.8,51,0,15.6,1022.4,3,Ha Noi
1/17/2025,16.4,70,0,16.6,1018.7,0,Ha Noi
1/18/2025,17.1,72,0,8.7,1016.5,3,Ha Noi
1/19/2025,18.3,65,0,13.3,1014.5,3,Ha Noi
1/20/2025,18.4,65,0,11.1,1013.1,3,Ha Noi
1/21/2025,18.2,69,0,17.3,1012.6,3,Ha Noi
1/22/2025,18.7,81,0,12.2,1012.9,3,Ha Noi
1/23/2025,19.1,83,0.2,14.6,1012,51,Ha Noi
1/24/2025,20.8,85,2.9,17.4,1008.3,53,Ha Noi
1/25/2025,21.3,87,2.9,19.3,1010,55,Ha Noi
1/26/2025,14.9,69,10.9,26.4,1021.4,63,Ha Noi
1/27/2025,14.7,49,0.1,16.1,1021.5,51,Ha Noi
1/28/2025,13.5,49,0.3,14.2,1022.4,51,Ha Noi
1/29/2025,13.5,64,0,8.3,1020.8,3,Ha Noi
1/30/2025,16.4,74,0,18.1,1013.6,3,Ha Noi
1/31/2025,20.1,83,0.2,18.3,1010.1,51,Ha Noi
2/1/2025,20.9,87,1.6,18.8,1008.4,51,Ha Noi
2/2/2025,20.8,83,1.2,16.9,1009.8,51,Ha Noi
2/3/2025,15.6,69,5.8,21.2,1018.1,61,Ha Noi
2/4/2025,15.4,55,0,15.5,1019.8,3,Ha Noi
2/5/2025,15.6,81,0.5,11.9,1014.6,51,Ha Noi
2/6/2025,17.4,84,2.1,17.4,1013,51,Ha Noi
2/7/2025,14.3,75,5.8,17.9,1019.3,55,Ha Noi
2/8/2025,13.3,64,0.8,12.5,1022.5,51,Ha Noi
2/9/2025,13.5,56,0,10,1020.9,3,Ha Noi
2/10/2025,14.6,74,0,12.7,1017.7,3,Ha Noi
2/11/2025,17.1,82,0,18.8,1014.3,3,Ha Noi
2/12/2025,19.6,85,0.2,9,1014.2,51,Ha Noi
2/13/2025,19.2,74,2.4,15.9,1015.3,55,Ha Noi
2/14/2025,19.1,81,0.5,15.6,1012.8,51,Ha Noi
2/15/2025,20.8,87,0.5,15.5,1010.4,51,Ha Noi
2/16/2025,17.5,83,6.6,14.6,1014.3,61,Ha Noi
2/17/2025,18.5,82,0.4,10.2,1016.3,51,Ha Noi
2/18/2025,17.1,85,2,11.8,1017.4,51,Ha Noi
2/19/2025,17.9,87,2.3,10.3,1016.3,53,Ha Noi
2/20/2025,19.7,87,0.7,12.3,1016,51,Ha Noi
2/21/2025,19.6,85,0.6,15.5,1017.2,51,Ha Noi
2/22/2025,19.5,83,0.6,12.2,1017.8,51,Ha Noi
2/23/2025,17,77,0.8,17.9,1022.1,51,Ha Noi
2/24/2025,13.8,77,1.2,13.5,1025.1,51,Ha Noi
2/25/2025,14,91,9.8,9,1023.1,61,Ha Noi
2/26/2025,15.6,86,2.1,9.8,1020,53,Ha Noi
2/27/2025,18.2,85,0,15.5,1014.7,3,Ha Noi
2/28/2025,20.6,86,0.3,18.2,1011.9,51,Ha Noi
3/1/2025,22.6,85,0.1,19.8,1008.4,51,Ha Noi
3/2/2025,23.6,87,0.4,17.8,1006.2,51,Ha Noi
3/3/2025,24,89,0.2,16,1005.3,51,Ha Noi
3/4/2025,24.9,88,0.5,17.5,1004.2,51,Ha Noi
3/5/2025,22.7,88,4.9,21.3,1006.9,55,Ha Noi
3/6/2025,15.3,69,2.5,22,1017.2,53,Ha Noi
3/7/2025,15.3,63,0.1,13.8,1018.9,51,Ha Noi
3/8/2025,16.2,73,0,9.9,1017.5,3,Ha Noi
3/9/2025,17.9,82,0.1,9.7,1017.6,51,Ha Noi
3/10/2025,19.9,86,0.7,11.2,1016.4,51,Ha Noi
3/11/2025,21,89,0.3,16.6,1011.8,51,Ha Noi
3/12/2025,23.3,88,0.9,16,1008.6,51,Ha Noi
3/13/2025,23.4,91,1.7,17.2,1008,51,Ha Noi
3/14/2025,24.4,90,0.6,18.1,1008.2,51,Ha Noi
3/15/2025,23.6,84,1.9,20.8,1010.4,51,Ha Noi
3/16/2025,18.4,60,0.9,19,1017.6,53,Ha Noi
3/17/2025,17.6,61,0,12,1018,3,Ha Noi
3/18/2025,17.2,58,0,15.8,1021.3,3,Ha Noi
3/19/2025,18.1,56,0,15.1,1022.7,3,Ha Noi
3/20/2025,18.3,63,0,10.9,1021.5,3,Ha Noi
3/21/2025,19.1,63,0,11.8,1019.4,3,Ha Noi
3/22/2025,19.6,72,0,13.3,1016.9,3,Ha Noi
3/23/2025,20.9,80,0,14.3,1014.3,3,Ha Noi
3/24/2025,22.4,78,0,15.9,1010.8,3,Ha Noi
3/25/2025,23.9,78,0,16.7,1005.5,3,Ha Noi
3/26/2025,24.1,81,0,18.6,1002.5,3,Ha Noi
3/27/2025,25.6,83,0,18.5,999.6,3,Ha Noi
3/28/2025,25.5,84,0.4,15.1,1003.9,51,Ha Noi
3/29/2025,17,79,9.7,22.3,1013.3,63,Ha Noi
3/30/2025,14.9,69,1,17.4,1018.6,51,Ha Noi
3/31/2025,15.2,63,0,11.3,1017.8,3,Ha Noi
4/1/2025,17.9,62,0,8.7,1016.6,3,Ha Noi
4/2/2025,19.1,73,0,8.4,1016.1,3,Ha Noi
4/3/2025,20.2,71,0,15.9,1014.8,3,Ha Noi
4/4/2025,21,82,0.2,20.1,1010.6,51,Ha Noi
4/5/2025,21.8,84,1.4,9.8,1011.3,51,Ha Noi
4/6/2025,22.9,83,1.2,13,1011.9,53,Ha Noi
4/7/2025,22.1,86,1,12.3,1013,53,Ha Noi
4/8/2025,23.2,88,0.7,15.2,1012,51,Ha Noi
4/9/2025,24.8,86,0.6,18.7,1008,51,Ha Noi
4/10/2025,24.8,87,0.9,17.9,1004.4,51,Ha Noi
4/11/2025,26,84,0.5,16.3,1002.2,51,Ha Noi
4/12/2025,26.2,74,9.7,24.8,1005.6,63,Ha Noi
4/13/2025,22.3,64,2,14.9,1014.5,55,Ha Noi
4/14/2025,21.6,71,3.7,9.5,1012.4,63,Ha Noi
4/15/2025,24.1,66,0,13.3,1009.7,3,Ha Noi
4/16/2025,24.1,69,0,20.5,1006.1,3,Ha Noi
4/17/2025,26.2,80,0.1,18.3,1003.1,51,Ha Noi
4/18/2025,27.7,79,0.5,17.6,1002,51,Ha Noi
4/19/2025,29.5,74,0,18.5,1002.2,3,Ha Noi
4/20/2025,28.9,77,0.1,18.6,1003.7,51,Ha Noi
4/21/2025,28.7,76,0,20.6,1005,3,Ha Noi
4/22/2025,29.6,77,0,20.1,1004,3,Ha Noi
4/23/2025,28.3,83,50,16.2,1002.7,65,Ha Noi
4/24/2025,28,82,6.3,14.9,1003.7,63,Ha Noi
4/25/2025,25.6,80,39.5,14.9,1007.9,65,Ha Noi
4/26/2025,26,86,0.2,16,1008,51,Ha Noi
4/27/2025,27.5,86,1.2,14.9,1007.2,51,Ha Noi
4/28/2025,25.4,88,28.3,15.3,1009.1,65,Ha Noi
4/29/2025,25.7,87,2.9,14.6,1009.4,61,Ha Noi
4/30/2025,26.4,87,11,12.2,1008.6,63,Ha Noi
5/1/2025,25.4,85,18.2,11.7,1011,63,Ha Noi
5/2/2025,26.8,79,0,13.6,1007.7,3,Ha Noi
5/3/2025,27.3,82,0,15.1,1004.8,3,Ha Noi
5/4/2025,28.7,83,0.7,19.6,1002.3,51,Ha Noi
5/5/2025,29.6,80,0,17.9,1001.7,3,Ha Noi
5/6/2025,29.1,82,1,14.9,1002.4,53,Ha Noi
5/7/2025,29.7,82,0.8,16.8,1000.9,51,Ha Noi
5/8/2025,30.6,79,0.1,18.6,999.5,51,Ha Noi
5/9/2025,28.8,81,7.7,23.6,1002.7,63,Ha Noi
5/10/2025,26.8,85,24.8,25.1,1006,63,Ha Noi
5/11/2025,22.7,75,12.1,20.3,1009.8,63,Ha Noi
5/12/2025,23.5,70,0,13.2,1008,3,Ha Noi
5/13/2025,25.1,78,0,17.1,1007.1,3,Ha Noi
5/14/2025,26.5,86,4.7,14.8,1007.3,61,Ha Noi
5/15/2025,26.1,92,18,14.9,1007.3,63,Ha Noi
5/16/2025,27,92,18.5,13.2,1005.8,63,Ha Noi
5/17/2025,27.7,89,11.8,16.7,1005.7,63,Ha Noi
5/18/2025,27.5,89,20.7,10.8,1005.7,65,Ha Noi
5/19/2025,26.8,90,19.5,13.3,1004.5,63,Ha Noi
5/20/2025,28.8,86,4.2,17.9,1002.3,61,Ha Noi
5/21/2025,29.3,83,4.5,15.2,1002.5,63,Ha Noi
5/22/2025,28.7,85,11.3,16.1,1001.7,63,Ha Noi
5/23/2025,27.2,91,3.8,11.7,1003,55,Ha Noi
5/24/2025,23.7,89,31.4,19.8,1008.5,63,Ha Noi
5/25/2025,24.1,71,0.3,17.3,1011.6,51,Ha Noi
5/26/2025,24.2,72,0,12.9,1011.5,3,Ha Noi
5/27/2025,24.5,86,3.4,7.6,1008.8,53,Ha Noi
5/28/2025,27,86,6.2,13.2,1005.2,63,Ha Noi
5/29/2025,27,86,6.4,14.4,1004.8,53,Ha Noi
5/30/2025,26,85,17.3,14.4,1004.7,63,Ha Noi
5/31/2025,29.3,81,0.2,16.3,1001.1,51,Ha Noi
6/1/2025,32,70,0,16.1,996.6,3,Ha Noi
6/2/2025,32.3,66,0.2,13.7,996.8,51,Ha Noi
6/3/2025,28.8,80,14.6,14.1,1001.4,65,Ha Noi
6/4/2025,27.5,88,32.6,11.1,1004,65,Ha Noi
6/5/2025,28.5,83,6.4,15.1,1004.4,63,Ha Noi
6/6/2025,29.2,85,8.2,14.3,1003.1,63,Ha Noi
6/7/2025,29.7,85,9.4,13.9,1002,63,Ha Noi
6/8/2025,29.3,84,12.1,11.8,1001.4,65,Ha Noi
6/9/2025,28.2,86,20.3,10.9,1001.6,63,Ha Noi
6/10/2025,27.4,85,15.4,17.5,1002.4,63,Ha Noi
6/11/2025,28.7,76,1.2,14.6,1001.7,53,Ha Noi
6/12/2025,29.3,72,0.1,21.3,1000.6,51,Ha Noi
6/13/2025,28.8,78,6.8,19.9,999.7,61,Ha Noi
6/14/2025,30.3,75,1.5,13.2,998.8,53,Ha Noi
6/15/2025,29.1,86,32.4,14.5,999.8,65,Ha Noi
6/16/2025,28.1,86,3.6,10.6,1001.9,53,Ha Noi
6/17/2025,28.8,87,3,14.1,1001.6,55,Ha Noi
6/18/2025,30.2,77,1.4,17.9,1000.7,55,Ha Noi
6/19/2025,30.3,79,0.7,15.7,1000.3,53,Ha Noi
6/20/2025,29.7,81,20.3,17.5,1000.7,65,Ha Noi
6/21/2025,27.7,91,48.6,11.1,1002.2,65,Ha Noi
6/22/2025,27.1,90,59,12.6,1003.3,65,Ha Noi
6/23/2025,28.6,84,10.3,14.3,1001.9,63,Ha Noi
6/24/2025,28.7,85,4.3,15.7,1002.2,61,Ha Noi
6/25/2025,28.6,84,6.3,12.8,1004,61,Ha Noi
6/26/2025,29.1,83,2.7,9,1002.8,61,Ha Noi
6/27/2025,26.5,93,58,13.7,1001.7,65,Ha Noi
6/28/2025,26.8,90,27.9,15.6,1001,65,Ha Noi
6/29/2025,27.2,89,20.7,15.7,998.8,63,Ha Noi
6/30/2025,27.2,91,35.9,11.7,999.1,65,Ha Noi
7/1/2025,27,88,36.9,14.3,1001.5,63,Ha Noi
7/2/2025,26.7,88,8.2,14.3,1003.9,63,Ha Noi
7/3/2025,26.5,90,21.2,14.8,1004.5,63,Ha Noi
7/4/2025,27.5,87,4.8,7.9,1003.1,63,Ha Noi
7/5/2025,29.1,79,0.4,10.9,1001.3,51,Ha Noi
7/6/2025,28.6,83,8.5,13.5,1001.1,65,Ha Noi
7/7/2025,28.6,85,2.5,10.1,1000.2,61,Ha Noi
7/8/2025,30.3,79,0.2,10.4,998.1,51,Ha Noi
7/9/2025,30.1,83,0.8,16.5,996.9,51,Ha Noi
7/10/2025,29.4,84,0.9,12.4,995.9,51,Ha Noi
7/11/2025,27.4,90,28.5,13.7,997.5,65,Ha Noi
7/12/2025,27.1,89,21.2,11.2,1001.6,63,Ha Noi
7/13/2025,28.4,86,5,11.2,1002.8,55,Ha Noi
7/14/2025,28.5,88,4.1,8.8,1001.4,55,Ha Noi
7/15/2025,29.4,82,0.6,11.1,999.4,51,Ha Noi
7/16/2025,29.6,85,6.8,11.5,999.7,63,Ha Noi
7/17/2025,30.6,79,0.4,10.3,1000.1,51,Ha Noi
7/18/2025,31.5,74,0,10.1,997.5,3,Ha Noi
7/19/2025,29.4,83,15.9,10.1,994.9,65,Ha Noi
7/20/2025,28.5,86,2.3,15.1,994.1,61,Ha Noi
7/21/2025,27.9,89,35,29.3,991.5,63,Ha Noi
7/22/2025,27.5,84,35.3,32,988.9,65,Ha Noi
7/23/2025,27.5,86,14.5,17.1,995.7,63,Ha Noi
7/24/2025,27.3,89,21.2,13.7,998.9,63,Ha Noi
7/25/2025,27.5,90,11,8.7,999.2,63,Ha Noi
7/26/2025,28.4,87,14.9,11.7,998.9,65,Ha Noi
7/27/2025,28.7,85,1.2,13.3,998.3,53,Ha Noi
7/28/2025,29.7,81,0.2,11.9,996.7,51,Ha Noi
7/29/2025,31.1,78,0,8.8,994.9,3,Ha Noi
7/30/2025,31.6,77,5.8,8.1,994.7,63,Ha Noi
7/31/2025,30,84,7.7,18.5,995.1,63,Ha Noi
8/1/2025,28.5,85,9.5,13.5,996.6,61,Ha Noi
8/2/2025,30,83,0.4,14.6,998.1,51,Ha Noi
8/3/2025,31.7,75,0,13.9,997.3,3,Ha Noi
8/4/2025,32.4,69,0,12.5,997.1,3,Ha Noi
8/5/2025,29.5,87,18.4,14.1,998.9,65,Ha Noi
8/6/2025,28,92,10.5,9.4,1000.7,63,Ha Noi
8/7/2025,28.9,86,2.4,11.9,1003,55,Ha Noi
8/8/2025,30.8,77,0.5,16.8,1003.3,51,Ha Noi
8/9/2025,31.4,74,0,15.7,1002.1,3,Ha Noi
8/10/2025,30.6,81,6.8,12.7,1001.9,61,Ha Noi
8/11/2025,30.2,82,2.7,13.4,1001.9,55,Ha Noi
8/12/2025,29.8,82,3.4,12.1,1002.6,61,Ha Noi
8/13/2025,29.3,82,1.2,7.8,1003.7,53,Ha Noi
8/14/2025,29.7,84,6.4,9.5,1001.7,63,Ha Noi
8/15/2025,26.6,89,12.8,16,1002.6,63,Ha Noi
8/16/2025,25.6,90,27.2,11,1005.3,63,Ha Noi
8/17/2025,26.7,87,17.2,16.1,1005.4,63,Ha Noi
8/18/2025,26.3,89,37.5,17.3,1003.8,65,Ha Noi
8/19/2025,26.4,91,12.5,12.9,1003.4,61,Ha Noi
8/20/2025,28.7,84,2.5,16.9,1003.9,61,Ha Noi
8/21/2025,27.8,89,12.1,16.5,1005.4,65,Ha Noi
8/22/2025,28.7,83,3.8,15.2,1005.3,63,Ha Noi
8/23/2025,27.8,86,4.3,11.3,1005.5,63,Ha Noi
8/24/2025,27.6,87,9.6,14.9,1004.5,63,Ha Noi
8/25/2025,25.9,88,37.3,24,1002.8,63,Ha Noi
8/26/2025,24.8,95,61.1,23.3,1004.8,63,Ha Noi
8/27/2025,25.2,93,22.3,7,1005.7,63,Ha Noi
8/28/2025,26.9,87,2.2,13,1005.2,53,Ha Noi
8/29/2025,26.7,87,10,19.3,1006.2,63,Ha Noi
8/30/2025,26.5,89,20.4,21.4,1005.5,63,Ha Noi
8/31/2025,26.1,91,15.8,10.2,1005.9,63,Ha Noi
9/1/2025,27,88,10.3,10.1,1004.8,63,Ha Noi
9/2/2025,27.9,85,0.6,13.8,1004.5,51,Ha Noi
9/3/2025,28.7,82,0.2,12.8,1004.6,51,Ha Noi
9/4/2025,29.1,80,0,11.5,1004.2,2,Ha Noi
9/5/2025,29.5,80,0,11.8,1004.5,3,Ha Noi
9/6/2025,29.1,83,0.9,12.6,1005.3,53,Ha Noi
9/7/2025,29.7,76,0.3,6.9,1003.7,51,Ha Noi
9/8/2025,30.5,73,0.3,14,1002.4,51,Ha Noi
9/9/2025,28.5,86,3.3,11.7,1003.8,61,Ha Noi
9/10/2025,28.1,88,9.9,6.9,1005.2,63,Ha Noi
9/11/2025,27.3,89,24.6,11.9,1006.2,63,Ha Noi
9/12/2025,27.1,90,9.7,16,1007.2,63,Ha Noi
9/13/2025,28.4,83,0.4,12.2,1007.6,51,Ha Noi
9/14/2025,28,84,3.3,10.2,1007.6,63,Ha Noi
9/15/2025,27.2,86,4.9,11.6,1008.1,61,Ha Noi
9/16/2025,27.8,82,11.4,11,1008,63,Ha Noi
9/17/2025,27,87,9.7,15.6,1006.8,63,Ha Noi
9/18/2025,26.6,89,16.3,11.1,1006.7,63,Ha Noi
9/19/2025,27.6,85,10.8,10.9,1006.3,63,Ha Noi
9/20/2025,29.5,77,0,11.7,1004.4,3,Ha Noi
9/21/2025,28.8,82,4,11.2,1003.7,63,Ha Noi
9/22/2025,26.8,87,14.4,10.7,1005.3,63,Ha Noi
9/23/2025,27.9,80,0.8,10.9,1003.4,51,Ha Noi
9/24/2025,28.9,72,0.2,21.7,1000.5,51,Ha Noi
9/25/2025,25.9,83,17.4,21.3,1001,63,Ha Noi
9/26/2025,25.6,89,20.1,9.2,1007.9,65,Ha Noi
9/27/2025,27.1,86,12.3,12.9,1009.7,63,Ha Noi
9/28/2025,26.4,87,36.1,20.1,1006.4,65,Ha Noi
9/29/2025,24.6,94,73.9,34.4,1004,63,Ha Noi
9/30/2025,25.2,94,45.8,17.9,1007.9,63,Ha Noi
10/1/2025,26.5,89,2.3,12.5,1009.3,53,Ha Noi
10/2/2025,27.9,81,0.1,10.5,1009.1,51,Ha Noi
10/3/2025,27.9,80,0,12.9,1008.8,0,Ha Noi
10/4/2025,27.8,86,0.1,8.9,1008.4,51,Ha Noi
10/5/2025,28.5,84,3.1,12.4,1004.3,61,Ha Noi
10/6/2025,25.6,90,53.3,25,1002.5,65,Ha Noi
10/7/2025,24.4,97,133,14.9,1009.3,65,Ha Noi
10/8/2025,26.3,85,4.1,9.7,1010.8,61,Ha Noi
10/9/2025,27,83,0.3,8.8,1010,51,Ha Noi
10/10/2025,27.5,82,0.8,9.9,1009.3,51,Ha Noi
10/11/2025,26.4,89,1.6,8.3,1008.7,53,Ha Noi
10/12/2025,27.6,83,0.4,9.1,1008,51,Ha Noi
10/13/2025,26.5,89,10.9,9.7,1008.8,63,Ha Noi
10/14/2025,25.1,93,24.4,12.5,1009.2,63,Ha Noi
10/15/2025,25.6,89,8.4,12.1,1009.9,63,Ha Noi
10/16/2025,26.1,87,17.3,11.3,1011.4,65,Ha Noi
10/17/2025,27.2,80,0.2,8.2,1011.5,51,Ha Noi
10/18/2025,27.3,79,0.2,8.1,1010.7,51,Ha Noi
10/19/2025,26.4,86,6.8,13.4,1010.6,63,Ha Noi
10/20/2025,25.8,71,0.1,19.3,1011.6,51,Ha Noi
10/21/2025,24.3,60,0,25.2,1013.8,3,Ha Noi
10/22/2025,22.4,56,0,20.8,1015.8,3,Ha Noi
10/23/2025,19.7,65,0.7,19.4,1017.5,51,Ha Noi
10/24/2025,20,77,1.8,12.4,1016.8,53,Ha Noi
10/25/2025,22.1,72,0,11,1014.9,3,Ha Noi
10/26/2025,23.9,70,0,13.1,1014.6,3,Ha Noi
10/27/2025,23.5,67,0,14.5,1015.1,3,Ha Noi
10/28/2025,23.7,66,0,13.6,1014.8,3,Ha Noi
10/29/2025,23.8,69,0,11.1,1013.6,3,Ha Noi
10/30/2025,23.9,83,1.9,11.5,1013.6,51,Ha Noi
10/31/2025,23.5,85,4,13.8,1014.3,53,Ha Noi
11/1/2025,21,84,3,15.9,1015.4,53,Ha Noi
11/2/2025,20.3,82,2.2,15.1,1015.9,53,Ha Noi
11/3/2025,19.5,78,1.7,15.7,1016,51,Ha Noi
11/4/2025,19.3,78,1.6,17.5,1015.3,53,Ha Noi
11/5/2025,20.8,78,0.2,10.4,1012.3,51,Ha Noi
11/6/2025,22,86,0,7.9,1010.6,3,Ha Noi
11/7/2025,23.2,89,8.3,12.6,1009.7,61,Ha Noi
11/8/2025,24.8,90,13.7,17.5,1010.6,63,Ha Noi
11/9/2025,24.6,92,40.4,12.4,1010.1,65,Ha Noi
11/10/2025,24.5,81,0.6,13.1,1008.9,51,Ha Noi
11/11/2025,22.7,75,0.6,13.9,1010.1,51,Ha Noi
11/12/2025,22.3,66,0,12.6,1013.3,3,Ha Noi
11/13/2025,22.2,64,0,12.5,1015.7,3,Ha Noi
11/14/2025,20.8,67,0,11.7,1015.7,1,Ha Noi
11/15/2025,21.1,75,0,12.6,1017.2,1,Ha Noi
11/16/2025,22.2,79,0.1,9.7,1017.7,51,Ha Noi
11/17/2025,22.7,85,1.3,10.2,1017.5,53,Ha Noi
11/18/2025,17.8,90,15.4,24.7,1021.7,55,Ha Noi
11/19/2025,14.6,72,1.7,21.1,1025.4,53,Ha Noi
11/20/2025,16.9,64,0,16.2,1022.7,0,Ha Noi
11/21/2025,18.4,59,0,15.5,1021.8,1,Ha Noi
11/22/2025,19,60,0,10.2,1019.1,3,Ha Noi
11/23/2025,20.4,67,0,9.2,1017.4,3,Ha Noi
11/24/2025,19.9,69,0,13.3,1018,3,Ha Noi
11/25/2025,19.5,57,0,17.9,1019.1,3,Ha Noi
11/26/2025,17.7,62,0,13.9,1018.3,3,Ha Noi
11/27/2025,18.1,55,0,18.8,1021.3,3,Ha Noi
11/28/2025,17,62,0,10.3,1016.9,3,Ha Noi
11/29/2025,16.5,74,0,7.1,1013.5,0,Ha Noi
11/30/2025,18.7,75,0,8,1011.9,3,Ha Noi
12/1/2025,20,86,0.4,10.3,1012.2,51,Ha Noi
12/2/2025,22.5,84,0.2,8.6,1011.3,51,Ha Noi
12/3/2025,21.3,77,2.1,20.1,1016.6,53,Ha Noi
12/4/2025,20.3,70,0.2,8.6,1017.5,51,Ha Noi
12/5/2025,19.5,79,0.2,12.4,1018.7,51,Ha Noi
12/6/2025,20,75,0.1,13.7,1016.8,51,Ha Noi
12/7/2025,21.3,82,1.1,9,1016.4,51,Ha Noi
12/8/2025,21.1,74,0.8,13.8,1018,53,Ha Noi
12/9/2025,20.4,76,0,10.8,1016.7,3,Ha Noi
12/10/2025,21.2,76,0,9.7,1015.6,3,Ha Noi
12/11/2025,21.2,79,0.3,7.6,1015.7,51,Ha Noi
12/12/2025,21.8,83,0.4,9.7,1013.3,51,Ha Noi
12/13/2025,20.7,84,16.2,22.9,1016.6,63,Ha Noi
12/14/2025,17.9,61,0,14.4,1020.1,3,Ha Noi
12/15/2025,17.9,74,0,11.7,1017.3,3,Ha Noi
12/16/2025,18.9,81,0,6.5,1016.2,3,Ha Noi
12/17/2025,20.4,81,1.6,11.4,1018.2,51,Ha Noi
12/18/2025,20.2,75,0,9.4,1016.6,3,Ha Noi
12/19/2025,19.9,83,0,13.9,1012.7,3,Ha Noi
12/20/2025,21.6,85,1.1,10.3,1013.3,51,Ha Noi
12/21/2025,21.3,83,0.2,11.6,1015.5,51,Ha Noi
12/22/2025,21.3,85,1.7,15.7,1013.2,51,Ha Noi
12/23/2025,22.4,85,0.7,16.7,1011.6,51,Ha Noi
12/24/2025,22.4,85,3.2,18.3,1011.1,53,Ha Noi
12/25/2025,17.4,60,0.8,24.5,1018.2,51,Ha Noi
12/26/2025,16,54,0,12.8,1018.5,3,Ha Noi
12/27/2025,15.6,67,0,9.9,1017.8,3,Ha Noi
12/28/2025,17.3,70,0,6.9,1016.5,3,Ha Noi
12/29/2025,19.7,76,0,14.3,1013.4,3,Ha Noi
12/30/2025,20.4,80,0.7,14.9,1012.4,51,Ha Noi
12/31/2025,20.5,85,0.7,17.2,1009.5,51,Ha Noi
1/1/2025,17.4,76,0,12.3,1016.3,3,Hai Phong
1/2/2025,18.3,73,0,12.3,1017.3,0,Hai Phong
1/3/2025,18.9,68,0,12.9,1018.8,3,Hai Phong
1/4/2025,18.2,66,0,13.5,1018,2,Hai Phong
1/5/2025,18.4,59,0,12.3,1019.3,1,Hai Phong
1/6/2025,18.3,66,0,11.1,1017,1,Hai Phong
1/7/2025,18.4,75,0,13.6,1016.3,3,Hai Phong
1/8/2025,19.2,72,0,17.6,1016.9,2,Hai Phong
1/9/2025,19.2,58,0,17.9,1019.9,3,Hai Phong
1/10/2025,15.8,52,0,12.3,1026.3,3,Hai Phong
1/11/2025,15,43,0,14.3,1028.8,3,Hai Phong
1/12/2025,14.2,49,0,11.3,1025.5,3,Hai Phong
1/13/2025,15.1,61,0,14.1,1020.8,3,Hai Phong
1/14/2025,16.9,73,0,11.2,1020,3,Hai Phong
1/15/2025,18.4,62,1,14.7,1023.2,51,Hai Phong
1/16/2025,17.2,58,0,13.6,1023.5,3,Hai Phong
1/17/2025,16.2,68,0,14,1020.2,0,Hai Phong
1/18/2025,16.9,77,0,11.9,1017.8,3,Hai Phong
1/19/2025,16.9,77,0,10.9,1015.9,3,Hai Phong
1/20/2025,17.7,68,0,14.5,1014.5,0,Hai Phong
1/21/2025,17.8,72,0,12.7,1014.2,0,Hai Phong
1/22/2025,19.1,79,0,12.8,1014.4,3,Hai Phong
1/23/2025,19.3,85,0,13.9,1013.7,3,Hai Phong
1/24/2025,20.1,89,1.2,17.6,1010.4,51,Hai Phong
1/25/2025,20.7,87,0.1,17,1011.7,51,Hai Phong
1/26/2025,15,66,3.2,18.1,1021.7,53,Hai Phong
1/27/2025,14.3,49,0,12.4,1022.5,3,Hai Phong
1/28/2025,14.4,52,0,8.8,1023.3,3,Hai Phong
1/29/2025,15.1,63,0,9,1021.8,3,Hai Phong
1/30/2025,17.3,77,0.1,15.7,1015.3,51,Hai Phong
1/31/2025,20.1,87,0.5,17.8,1011.9,51,Hai Phong
2/1/2025,20.1,87,0.5,13.6,1010.4,51,Hai Phong
2/2/2025,20.4,83,0.4,14.8,1011.4,51,Hai Phong
2/3/2025,16.1,67,1.1,12.7,1018.7,53,Hai Phong
2/4/2025,15.6,58,0,10.6,1020.9,3,Hai Phong
2/5/2025,16.3,78,0.7,15.5,1015.9,51,Hai Phong
2/6/2025,17.5,85,2.1,14.6,1014.2,53,Hai Phong
2/7/2025,14.2,81,6.4,12.6,1019.9,61,Hai Phong
2/8/2025,13.3,69,0.1,9.6,1023.3,51,Hai Phong
2/9/2025,13.8,65,0,8.2,1022,3,Hai Phong
2/10/2025,14.9,77,0,11.8,1019.1,3,Hai Phong
2/11/2025,17.3,84,0,11.4,1015.9,3,Hai Phong
2/12/2025,19.5,88,0.4,10.1,1015.5,51,Hai Phong
2/13/2025,19.4,77,0.2,16.1,1016.4,51,Hai Phong
2/14/2025,18.9,83,0.3,13.6,1014.3,51,Hai Phong
2/15/2025,20,90,2.5,13.3,1012.1,53,Hai Phong
2/16/2025,19.3,84,1.8,15.6,1015.2,53,Hai Phong
2/17/2025,19.3,82,0.2,13.3,1017.5,51,Hai Phong
2/18/2025,18.5,80,0,12.4,1018.4,3,Hai Phong
2/19/2025,18.6,85,0.1,17.3,1017.6,51,Hai Phong
2/20/2025,19.8,87,1.7,16,1017.5,53,Hai Phong
2/21/2025,19.4,83,0,17.6,1018.6,3,Hai Phong
2/22/2025,19.1,82,0,18.7,1019.2,3,Hai Phong
2/23/2025,18.4,78,2,13.8,1022.8,55,Hai Phong
2/24/2025,15.3,73,0.2,9.4,1025.7,51,Hai Phong
2/25/2025,15.1,91,16.3,6.1,1024,61,Hai Phong
2/26/2025,15.9,90,7,8.3,1021.2,63,Hai Phong
2/27/2025,18.4,87,0.1,11.6,1016.3,51,Hai Phong
2/28/2025,20.2,93,1.8,15.8,1013.7,53,Hai Phong
3/1/2025,21.3,91,0.4,19,1010.5,51,Hai Phong
3/2/2025,22.5,89,0.3,19.4,1008.3,51,Hai Phong
3/3/2025,22.9,93,0.3,13.7,1007.2,51,Hai Phong
3/4/2025,22.6,95,0,12.7,1006.3,3,Hai Phong
3/5/2025,21.2,86,0.6,16,1008.4,51,Hai Phong
3/6/2025,15.1,71,0.6,13,1017.8,51,Hai Phong
3/7/2025,14.8,70,0.1,7.9,1020,51,Hai Phong
3/8/2025,16.1,80,0.2,12.7,1018.9,51,Hai Phong
3/9/2025,17.6,85,0.7,11.2,1018.9,51,Hai Phong
3/10/2025,19.6,86,0.1,10.6,1017.7,51,Hai Phong
3/11/2025,20.7,90,0,12.1,1013.5,3,Hai Phong
3/12/2025,21.9,92,0.9,14.9,1010.6,51,Hai Phong
3/13/2025,22.6,91,0.1,15.2,1009.9,51,Hai Phong
3/14/2025,23.1,94,0,14.3,1010.2,3,Hai Phong
3/15/2025,22.8,90,13,15.2,1011.8,63,Hai Phong
3/16/2025,17.7,67,1.9,16.3,1018.6,53,Hai Phong
3/17/2025,17.4,65,0,10.1,1019.2,3,Hai Phong
3/18/2025,17,63,0,12.6,1022.2,3,Hai Phong
3/19/2025,18,62,0,17.1,1023.7,3,Hai Phong
3/20/2025,18.3,67,0,13.3,1022.7,3,Hai Phong
3/21/2025,18.8,69,0,11.6,1020.8,3,Hai Phong
3/22/2025,19.6,78,0,10.3,1018.3,3,Hai Phong
3/23/2025,20.5,81,0,11.5,1015.9,0,Hai Phong
3/24/2025,21.6,83,0,13.3,1012.3,3,Hai Phong
3/25/2025,22,86,0,13.4,1007.4,3,Hai Phong
3/26/2025,22.6,87,0.1,16.1,1004.6,51,Hai Phong
3/27/2025,23.9,88,0,20.6,1001.9,3,Hai Phong
3/28/2025,25.1,84,0,16.4,1005.6,3,Hai Phong
3/29/2025,18.8,69,0.4,16.2,1013.8,51,Hai Phong
3/30/2025,14.7,72,1.3,9.5,1019.5,53,Hai Phong
3/31/2025,15.2,70,0,8,1018.9,3,Hai Phong
4/1/2025,18,65,0,9.1,1017.7,3,Hai Phong
4/2/2025,19.1,71,0,12.3,1017.5,3,Hai Phong
4/3/2025,20.1,74,0,12.6,1016.3,0,Hai Phong
4/4/2025,21.2,84,0.3,15.6,1012.3,51,Hai Phong
4/5/2025,21.8,83,0.3,10.6,1012.6,51,Hai Phong
4/6/2025,22.2,84,0.3,14.1,1013.3,51,Hai Phong
4/7/2025,22,85,0,11.2,1014.5,3,Hai Phong
4/8/2025,22.5,90,0.6,10.1,1013.7,51,Hai Phong
4/9/2025,23.5,90,1.3,16.2,1010,51,Hai Phong
4/10/2025,23.7,90,0.1,13.4,1006.2,51,Hai Phong
4/11/2025,24.8,88,0,15.7,1004,3,Hai Phong
4/12/2025,25.7,78,15.2,24.7,1006.9,65,Hai Phong
4/13/2025,21.5,69,0.8,15.8,1015.5,53,Hai Phong
4/14/2025,21.3,75,0,7.4,1013.6,3,Hai Phong
4/15/2025,23.1,74,0,11.9,1011.1,3,Hai Phong
4/16/2025,23,79,0,16.5,1008.1,3,Hai Phong
4/17/2025,24.9,85,0,14.4,1005.1,3,Hai Phong
4/18/2025,25.8,84,1.1,13.4,1004.1,55,Hai Phong
4/19/2025,27.1,80,0,14.3,1004.5,3,Hai Phong
4/20/2025,26.4,84,0.6,17.8,1006.1,51,Hai Phong
4/21/2025,26.8,83,0,22,1007.4,3,Hai Phong
4/22/2025,27.3,82,0,15,1006.3,3,Hai Phong
4/23/2025,27.6,81,0.7,16.8,1004.7,53,Hai Phong
4/24/2025,27.4,82,7.8,16.1,1005.3,63,Hai Phong
4/25/2025,24.9,86,16.3,13.7,1009.2,63,Hai Phong
4/26/2025,25.9,87,1.6,18.4,1009.7,51,Hai Phong
4/27/2025,26.6,88,1,19.5,1009.1,51,Hai Phong
4/28/2025,25.7,90,6,10.4,1010.3,61,Hai Phong
4/29/2025,25.7,89,5,12.4,1010.7,63,Hai Phong
4/30/2025,26.4,86,2,13,1010.1,61,Hai Phong
5/1/2025,25.7,87,2.3,9.8,1011.9,53,Hai Phong
5/2/2025,26.4,83,0.2,12.2,1009.2,51,Hai Phong
5/3/2025,27,86,0.9,18.6,1006.7,51,Hai Phong
5/4/2025,27.9,86,0.8,17.2,1004.4,51,Hai Phong
5/5/2025,28.7,84,0.6,15.3,1003.8,51,Hai Phong
5/6/2025,28.2,86,1.8,19,1004.5,53,Hai Phong
5/7/2025,28.7,86,1.8,18.4,1002.8,53,Hai Phong
5/8/2025,29.7,81,0,17.5,1001.8,3,Hai Phong
5/9/2025,28.7,83,3.5,14.8,1004.1,63,Hai Phong
5/10/2025,26.8,86,21.5,17.7,1007.1,65,Hai Phong
5/11/2025,22.9,78,8.5,14.1,1010.4,63,Hai Phong
5/12/2025,24.1,72,0,11.5,1009.2,3,Hai Phong
5/13/2025,25.7,77,0,14.5,1008.7,3,Hai Phong
5/14/2025,27,85,1.7,15.7,1009,53,Hai Phong
5/15/2025,26.4,89,3,15.5,1008.9,53,Hai Phong
5/16/2025,27,91,14.9,14.9,1007.6,63,Hai Phong
5/17/2025,27.6,90,16.6,15.4,1007.5,65,Hai Phong
5/18/2025,27.6,91,17.8,13.4,1007.3,65,Hai Phong
5/19/2025,27.2,90,20.1,17.7,1006,63,Hai Phong
5/20/2025,28.7,86,3.1,15.9,1004.3,55,Hai Phong
5/21/2025,29,83,4,18.2,1004.5,61,Hai Phong
5/22/2025,28.7,85,2.5,19.5,1003.6,55,Hai Phong
5/23/2025,27.9,90,7.8,11,1004.3,61,Hai Phong
5/24/2025,24.7,89,12.9,13.9,1009,61,Hai Phong
5/25/2025,24,77,0,11.4,1012.3,3,Hai Phong
5/26/2025,24.2,76,0,12.6,1012.6,3,Hai Phong
5/27/2025,25.6,81,4.8,17,1009.8,63,Hai Phong
5/28/2025,27.3,85,8.1,12.7,1006.6,63,Hai Phong
5/29/2025,27.4,87,3.6,11.5,1006.1,55,Hai Phong
5/30/2025,26.8,84,0.5,13,1005.9,51,Hai Phong
5/31/2025,28.5,86,1.7,16.6,1003.1,51,Hai Phong
6/1/2025,31.4,70,0,21.4,998.4,3,Hai Phong
6/2/2025,32,69,0.1,16.9,998.2,51,Hai Phong
6/3/2025,28.5,85,15.7,12.1,1002.5,63,Hai Phong
6/4/2025,28.7,83,7,12.6,1005.1,63,Hai Phong
6/5/2025,28.3,86,8.1,14.1,1005.8,63,Hai Phong
6/6/2025,29.5,84,1.3,17,1004.8,53,Hai Phong
6/7/2025,29.6,84,3,16.3,1003.8,53,Hai Phong
6/8/2025,29.8,85,8.7,15.4,1002.8,63,Hai Phong
6/9/2025,28.4,88,17.1,10.5,1002.8,63,Hai Phong
6/10/2025,28.6,84,7.8,11,1003,63,Hai Phong
6/11/2025,28.5,81,19.6,18.2,1002.4,65,Hai Phong
6/12/2025,28.7,77,5.8,14.8,1001.1,61,Hai Phong
6/13/2025,28.9,77,3.7,18.7,999.8,53,Hai Phong
6/14/2025,29.8,77,5.1,17.4,999.8,61,Hai Phong
6/15/2025,29.8,82,9.6,11,1001.2,63,Hai Phong
6/16/2025,28.9,88,6,9.1,1003.1,61,Hai Phong
6/17/2025,29.3,85,18.9,18.9,1003.3,65,Hai Phong
6/18/2025,30.1,84,1.6,20.6,1002.7,53,Hai Phong
6/19/2025,30,82,2.4,22.8,1002.4,55,Hai Phong
6/20/2025,29.9,82,2.5,19.6,1002.6,61,Hai Phong
6/21/2025,29.3,83,14.5,18.5,1003.6,65,Hai Phong
6/22/2025,28,87,38.9,17.3,1004.8,65,Hai Phong
6/23/2025,29,84,5.1,16.7,1003.6,63,Hai Phong
6/24/2025,29.3,84,8.2,17.2,1003.9,63,Hai Phong
6/25/2025,29.2,81,1.7,13.7,1005.5,53,Hai Phong
6/26/2025,29.2,81,1.3,11.8,1004.2,53,Hai Phong
6/27/2025,28.1,87,21.9,13.1,1003,65,Hai Phong
6/28/2025,28,85,15.6,15.5,1002.3,63,Hai Phong
6/29/2025,27.8,87,36.9,11.3,1000.3,65,Hai Phong
6/30/2025,28.3,87,25.4,16.6,1000.7,65,Hai Phong
7/1/2025,27.1,88,16.7,15,1003.1,63,Hai Phong
7/2/2025,27,88,15.1,15.7,1005.3,63,Hai Phong
7/3/2025,27.3,86,16.4,14.6,1005.6,63,Hai Phong
7/4/2025,27.9,85,3.6,9.5,1004.2,61,Hai Phong
7/5/2025,29.1,81,0.3,11.9,1002.7,51,Hai Phong
7/6/2025,28.9,84,10.2,11.8,1002.5,63,Hai Phong
7/7/2025,28.7,84,4.8,11.1,1001.7,55,Hai Phong
7/8/2025,30.3,81,0.5,8.4,999.7,51,Hai Phong
7/9/2025,30.1,83,13.9,10,998.1,63,Hai Phong
7/10/2025,29.3,84,1.8,11.6,996.9,53,Hai Phong
7/11/2025,28.2,87,17.1,10.3,998.2,63,Hai Phong
7/12/2025,28,86,6.8,7.6,1002.4,61,Hai Phong
7/13/2025,28.5,86,7.8,11.7,1004,61,Hai Phong
7/14/2025,28.9,86,4.6,9.7,1002.8,61,Hai Phong
7/15/2025,28.5,86,14.2,11.1,1001.1,63,Hai Phong
7/16/2025,30.7,78,1.2,13.4,1001.1,53,Hai Phong
7/17/2025,31,74,0.2,12.1,1001.4,51,Hai Phong
7/18/2025,31.7,75,0,9.9,998.9,3,Hai Phong
7/19/2025,29.8,81,10.5,12,995.9,63,Hai Phong
7/20/2025,27.6,88,6.2,12.9,995,61,Hai Phong
7/21/2025,26.7,93,110.9,34.6,991.4,65,Hai Phong
7/22/2025,27.4,85,38.7,36.3,988.5,63,Hai Phong
7/23/2025,27.8,86,15.3,17.3,997.2,63,Hai Phong
7/24/2025,27.2,88,15.3,16.7,1000.1,63,Hai Phong
7/25/2025,27.3,90,11.8,10.8,1000.3,65,Hai Phong
7/26/2025,28.8,86,6,8.1,1000.1,63,Hai Phong
7/27/2025,29.1,82,0.3,12.3,999.5,51,Hai Phong
7/28/2025,29.6,81,2.2,9,998.1,55,Hai Phong
7/29/2025,30.6,80,0.1,10.6,996.4,51,Hai Phong
7/30/2025,31.6,79,0,10.6,996,3,Hai Phong
7/31/2025,30,83,11.9,8.9,996.5,63,Hai Phong
8/1/2025,28,88,12,14.2,997.7,63,Hai Phong
8/2/2025,30,82,0.6,13,999.4,51,Hai Phong
8/3/2025,31.8,74,0.7,13.7,998.9,53,Hai Phong
8/4/2025,32.1,69,0,13.2,998.7,3,Hai Phong
8/5/2025,30.3,81,3.1,11.1,1000.2,61,Hai Phong
8/6/2025,29,87,2.9,10.5,1002.2,53,Hai Phong
8/7/2025,29.2,85,5.4,12.8,1004.6,63,Hai Phong
8/8/2025,30.6,80,1.4,13,1005,53,Hai Phong
8/9/2025,31,81,2.1,14.3,1004,53,Hai Phong
8/10/2025,30.8,82,0.8,16.5,1003.6,51,Hai Phong
8/11/2025,29.8,82,4.9,14.9,1003.6,63,Hai Phong
8/12/2025,30.1,79,3.3,13,1004.1,61,Hai Phong
8/13/2025,29.1,84,6.4,9.6,1005,63,Hai Phong
8/14/2025,29.7,84,2.8,9.5,1003.1,61,Hai Phong
8/15/2025,26.7,89,7.3,13.6,1003.9,61,Hai Phong
8/16/2025,26.1,89,21.3,15.8,1006.2,63,Hai Phong
8/17/2025,27,86,2.1,12,1006.1,53,Hai Phong
8/18/2025,25.7,93,26.8,13.4,1004.4,63,Hai Phong
8/19/2025,26.6,89,25.3,15.1,1004.6,63,Hai Phong
8/20/2025,29.2,82,0.6,18.6,1005.7,51,Hai Phong
8/21/2025,29,84,5.5,18.6,1007.1,61,Hai Phong
8/22/2025,29.1,79,3.7,17.3,1007,61,Hai Phong
8/23/2025,28.2,84,2.8,11,1006.8,61,Hai Phong
8/24/2025,27.7,87,18.8,11,1005.3,65,Hai Phong
8/25/2025,24.9,92,45.4,31.5,1003.1,63,Hai Phong
8/26/2025,25.5,94,36.5,23,1006,63,Hai Phong
8/27/2025,25.7,95,17.3,10.9,1006.8,63,Hai Phong
8/28/2025,27.3,85,1,11.8,1006.4,51,Hai Phong
8/29/2025,26.5,89,22.7,14.4,1007,65,Hai Phong
8/30/2025,26.9,85,15.4,28.6,1006.1,63,Hai Phong
8/31/2025,27.4,86,7,15.1,1006.7,63,Hai Phong
9/1/2025,27.1,87,18.2,13,1005.9,63,Hai Phong
9/2/2025,27.9,86,4.6,12.6,1005.8,61,Hai Phong
9/3/2025,28.7,82,0.6,11.9,1006.1,51,Hai Phong
9/4/2025,28.8,83,1.1,11.1,1005.8,51,Hai Phong
9/5/2025,29.3,81,0.9,9.6,1006,51,Hai Phong
9/6/2025,29.3,80,0.5,7.4,1006.6,51,Hai Phong
9/7/2025,29.5,78,0,10.3,1004.8,3,Hai Phong
9/8/2025,29.8,79,0.2,10,1003.8,51,Hai Phong
9/9/2025,29,85,2.1,9.9,1005.1,55,Hai Phong
9/10/2025,28.7,83,6.5,13.2,1006.7,63,Hai Phong
9/11/2025,28.1,85,15.5,15.3,1007.7,63,Hai Phong
9/12/2025,27.9,85,11.1,15.6,1008.7,63,Hai Phong
9/13/2025,28.5,81,0.7,12.7,1009.1,51,Hai Phong
9/14/2025,28.2,84,3,9.4,1009.1,61,Hai Phong
9/15/2025,26.8,86,11.6,14,1009.7,63,Hai Phong
9/16/2025,28.1,81,1.8,8.9,1009.2,53,Hai Phong
9/17/2025,26.9,86,5.9,13.6,1007.9,63,Hai Phong
9/18/2025,27.1,87,21.8,12.5,1007.6,65,Hai Phong
9/19/2025,28,83,4,10.7,1007.4,61,Hai Phong
9/20/2025,29.1,79,0.2,8.9,1005.7,51,Hai Phong
9/21/2025,28.8,82,3.4,11.9,1005.1,61,Hai Phong
9/22/2025,26.3,89,19.9,7.8,1006.5,63,Hai Phong
9/23/2025,28,83,1.2,10.1,1004.2,51,Hai Phong
9/24/2025,29,68,0,24.1,1000.9,3,Hai Phong
9/25/2025,25.9,80,11.2,19.5,1001.6,63,Hai Phong
9/26/2025,25.8,90,11.9,16.2,1008.8,63,Hai Phong
9/27/2025,27.8,82,17.6,13.7,1010.4,63,Hai Phong
9/28/2025,26.1,86,32,27,1006.8,63,Hai Phong
9/29/2025,25.2,94,75.5,33.6,1005.7,63,Hai Phong
9/30/2025,25.9,92,44.5,19,1009.6,63,Hai Phong
10/1/2025,27.3,85,3.4,13.2,1010.5,61,Hai Phong
10/2/2025,27.8,82,0.1,9.9,1010.6,51,Hai Phong
10/3/2025,28,82,0,11.9,1010.3,3,Hai Phong
10/4/2025,27.9,85,0.9,9,1009.7,53,Hai Phong
10/5/2025,28.8,82,0.4,20.5,1005,51,Hai Phong
10/6/2025,25.4,92,38.8,21.8,1003.7,63,Hai Phong
10/7/2025,26.3,91,42.6,16.6,1010.7,65,Hai Phong
10/8/2025,26.6,85,8.6,8.5,1011.8,63,Hai Phong
10/9/2025,27.3,83,0.1,10.8,1011.1,51,Hai Phong
10/10/2025,27.7,81,0.5,9.8,1010.5,53,Hai Phong
10/11/2025,27.5,83,2.7,8.9,1009.7,61,Hai Phong
10/12/2025,27.7,83,0.1,8.3,1009.3,51,Hai Phong
10/13/2025,26.7,88,4,12.9,1009.9,61,Hai Phong
10/14/2025,25.8,90,33.6,15.9,1010.3,63,Hai Phong
10/15/2025,26.2,89,14.8,10.4,1011.1,63,Hai Phong
10/16/2025,26.9,84,9.2,13.4,1012.4,63,Hai Phong
10/17/2025,27.2,80,0.6,12.7,1012.5,51,Hai Phong
10/18/2025,27.5,79,0,12.1,1011.7,0,Hai Phong
10/19/2025,26.8,84,6.2,11.8,1011.4,63,Hai Phong
10/20/2025,26,68,0,15,1012.2,1,Hai Phong
10/21/2025,23.6,62,0,16.6,1014.4,3,Hai Phong
10/22/2025,21,61,0.1,18.1,1016.4,51,Hai Phong
10/23/2025,19,70,0.6,13.9,1018,51,Hai Phong
10/24/2025,20.8,72,0,11,1017.3,3,Hai Phong
10/25/2025,23,73,0,13.9,1015.6,3,Hai Phong
10/26/2025,23.8,71,0,8.3,1015.4,3,Hai Phong
10/27/2025,23.7,67,0,9.3,1015.8,3,Hai Phong
10/28/2025,23.8,69,0,10.7,1015.7,3,Hai Phong
10/29/2025,23.9,72,0,6.8,1014.6,3,Hai Phong
10/30/2025,23.7,89,16.9,8.7,1014.4,63,Hai Phong
10/31/2025,23.5,86,15.9,10.6,1015,63,Hai Phong
11/1/2025,22.4,81,3.1,12,1015.8,53,Hai Phong
11/2/2025,21.6,78,0,10.1,1016.3,3,Hai Phong
11/3/2025,19.6,81,10,11.3,1016.3,63,Hai Phong
11/4/2025,18.5,85,5.4,10,1015.9,61,Hai Phong
11/5/2025,20.3,86,1.6,8.1,1013.3,51,Hai Phong
11/6/2025,22.6,85,0.1,12.8,1011.7,51,Hai Phong
11/7/2025,24.2,86,10.1,14.4,1010.4,63,Hai Phong
11/8/2025,25.9,90,3.3,20.2,1011.7,53,Hai Phong
11/9/2025,25.6,88,2.1,15.8,1011.2,55,Hai Phong
11/10/2025,24.9,82,0.1,9.6,1010,51,Hai Phong
11/11/2025,23,76,0,8.6,1011,3,Hai Phong
11/12/2025,22.3,69,0,9.9,1014.1,3,Hai Phong
11/13/2025,21.9,65,0,11.9,1016.7,3,Hai Phong
11/14/2025,21.3,71,0,7.8,1016.8,2,Hai Phong
11/15/2025,22.1,76,0,8.8,1018,3,Hai Phong
11/16/2025,23,80,1.6,8.8,1018.4,53,Hai Phong
11/17/2025,23.7,83,0.1,11.4,1018.4,51,Hai Phong
11/18/2025,18.3,86,9.3,19.2,1022.2,53,Hai Phong
11/19/2025,13.8,76,5.7,13.2,1026,55,Hai Phong
11/20/2025,17.2,62,0,9.7,1023.6,3,Hai Phong
11/21/2025,18.5,62,0,10.5,1022.6,2,Hai Phong
11/22/2025,19,64,0,6.9,1020.2,3,Hai Phong
11/23/2025,20.1,68,0,6.8,1018.5,0,Hai Phong
11/24/2025,20.5,69,0,12,1018.7,3,Hai Phong
11/25/2025,19.7,59,0,15.8,1019.8,3,Hai Phong
11/26/2025,18,65,0,7.9,1019.1,3,Hai Phong
11/27/2025,17.6,57,0,18.9,1022,3,Hai Phong
11/28/2025,17.5,63,0,8.6,1017.7,3,Hai Phong
11/29/2025,17.9,70,0,8.3,1014.7,3,Hai Phong
11/30/2025,20.7,75,0,10.3,1013,3,Hai Phong
12/1/2025,21.1,89,1,9.3,1013.3,53,Hai Phong
12/2/2025,22.4,88,0.5,9.1,1012.7,51,Hai Phong
12/3/2025,21.4,81,0.7,16.7,1017.6,51,Hai Phong
12/4/2025,20.7,70,0,10.7,1018.6,3,Hai Phong
12/5/2025,21.5,73,0,15.4,1019.5,3,Hai Phong
12/6/2025,20.1,77,0,12.5,1018.1,3,Hai Phong
12/7/2025,21.5,81,0.4,13.1,1017.7,51,Hai Phong
12/8/2025,21.3,74,0.1,10.9,1018.9,51,Hai Phong
12/9/2025,20.4,75,0,13.9,1017.9,3,Hai Phong
12/10/2025,21.1,73,0,11.3,1016.9,3,Hai Phong
12/11/2025,21.1,81,0.2,7.8,1016.8,51,Hai Phong
12/12/2025,21.9,87,0.7,9.3,1014.7,51,Hai Phong
12/13/2025,20.5,91,22.9,18.9,1017.6,63,Hai Phong
12/14/2025,17.1,66,0,10.3,1021.3,3,Hai Phong
12/15/2025,18.2,71,0,8.8,1018.7,3,Hai Phong
12/16/2025,19.4,84,0.1,8.1,1017.3,51,Hai Phong
12/17/2025,20.8,85,3,9.4,1019.1,55,Hai Phong
12/18/2025,19.9,80,0,9.4,1017.7,1,Hai Phong
12/19/2025,20.1,84,0.1,10.7,1014.1,51,Hai Phong
12/20/2025,21.2,88,0.6,11.5,1014.7,51,Hai Phong
12/21/2025,21.5,83,0.9,9,1016.4,53,Hai Phong
12/22/2025,21.5,82,0.3,19.1,1014.7,51,Hai Phong
12/23/2025,22,87,1.4,13.7,1013.4,53,Hai Phong
12/24/2025,22.1,87,1.4,15,1012.6,53,Hai Phong
12/25/2025,17,65,0,15.2,1018.9,3,Hai Phong
12/26/2025,15.8,58,0,11.6,1019.8,3,Hai Phong
12/27/2025,16.6,68,0,8.7,1018.8,3,Hai Phong
12/28/2025,18.3,71,0,9.5,1017.7,3,Hai Phong
12/29/2025,19.1,80,0.1,10.1,1015.1,51,Hai Phong
12/30/2025,20.3,81,0,15.8,1014,3,Hai Phong
12/31/2025,20.4,83,0,15.6,1011.4,3,Hai Phong
1/1/2025,17.5,66,0,13.3,1016.8,1,Quang Ninh
1/2/2025,18.2,67,0,16.4,1017.7,1,Quang Ninh
1/3/2025,18.5,60,0,17.3,1019.1,3,Quang Ninh
1/4/2025,18,56,0,16.6,1018.5,1,Quang Ninh
1/5/2025,17.8,52,0,14.5,1019.7,0,Quang Ninh
1/6/2025,17.8,54,0,14.6,1017.5,0,Quang Ninh
1/7/2025,18.1,68,0,17.8,1016.8,2,Quang Ninh
1/8/2025,19,65,0,19.6,1017.5,3,Quang Ninh
1/9/2025,18.8,53,0,18,1020.3,3,Quang Ninh
1/10/2025,15.2,50,0,14.3,1026.6,3,Quang Ninh
1/11/2025,14.9,37,0,18,1029,3,Quang Ninh
1/12/2025,13.8,38,0,15.7,1025.7,3,Quang Ninh
1/13/2025,15,52,0,16.8,1021.3,3,Quang Ninh
1/14/2025,16.5,70,0.4,14.9,1020.4,51,Quang Ninh
1/15/2025,17.8,63,1.6,14.5,1023.5,51,Quang Ninh
1/16/2025,16.3,56,0,14.8,1023.9,2,Quang Ninh
1/17/2025,15.6,58,0,16.1,1020.7,3,Quang Ninh
1/18/2025,16,74,0.1,16.5,1018.3,51,Quang Ninh
1/19/2025,16.4,68,0,14.2,1016.3,3,Quang Ninh
1/20/2025,17.2,59,0,17.5,1015,0,Quang Ninh
1/21/2025,17.6,62,0,14.5,1014.8,0,Quang Ninh
1/22/2025,18.2,78,0,15.3,1015,3,Quang Ninh
1/23/2025,18.5,87,0.2,12.4,1014.3,51,Quang Ninh
1/24/2025,19.5,90,1.2,16.4,1011.2,51,Quang Ninh
1/25/2025,20.4,86,0,17.1,1012.5,3,Quang Ninh
1/26/2025,14.6,62,1.9,29.7,1021.4,53,Quang Ninh
1/27/2025,14.1,42,0,13,1022.7,3,Quang Ninh
1/28/2025,14.1,41,0,10.9,1023.7,3,Quang Ninh
1/29/2025,15.9,47,0,12.7,1022.1,3,Quang Ninh
1/30/2025,16.9,74,1,13.4,1015.9,51,Quang Ninh
1/31/2025,19.2,88,0.8,12.7,1012.6,51,Quang Ninh
2/1/2025,19.4,88,0.5,14.6,1011,51,Quang Ninh
2/2/2025,19.8,83,0.1,17.5,1012,51,Quang Ninh
2/3/2025,15.8,64,0.1,20.2,1018.9,51,Quang Ninh
2/4/2025,15.1,59,0,17.6,1021.3,3,Quang Ninh
2/5/2025,15.9,76,0,17.4,1016.4,3,Quang Ninh
2/6/2025,16.9,87,4.5,20.5,1014.8,53,Quang Ninh
2/7/2025,14,79,5.9,15.1,1020.1,55,Quang Ninh
2/8/2025,13,65,0.1,10,1023.6,51,Quang Ninh
2/9/2025,13.5,57,0,9.4,1022.3,3,Quang Ninh
2/10/2025,14.6,70,0,14.2,1019.5,3,Quang Ninh
2/11/2025,17.1,80,0,12.9,1016.4,3,Quang Ninh
2/12/2025,19.5,86,0.1,15.3,1016.1,51,Quang Ninh
2/13/2025,19.2,73,0.2,21.2,1016.8,51,Quang Ninh
2/14/2025,18.5,80,0.1,16.6,1014.9,51,Quang Ninh
2/15/2025,19.9,89,2.3,16.1,1012.7,51,Quang Ninh
2/16/2025,19.1,82,2,16.8,1015.7,53,Quang Ninh
2/17/2025,18.9,80,0.2,16.1,1018,51,Quang Ninh
2/18/2025,18.2,76,0,20.5,1018.8,3,Quang Ninh
2/19/2025,18.3,82,0.2,19.1,1018.1,51,Quang Ninh
2/20/2025,19.3,85,0.3,18,1018.1,51,Quang Ninh
2/21/2025,19.3,80,0,21.6,1019.1,3,Quang Ninh
2/22/2025,18.7,80,0.1,23.5,1019.7,51,Quang Ninh
2/23/2025,18.4,74,0.5,18.6,1023.2,51,Quang Ninh
2/24/2025,15.4,69,0,12,1026,3,Quang Ninh
2/25/2025,15,90,16.2,10.5,1024.4,61,Quang Ninh
2/26/2025,16.1,88,4.1,9.9,1021.5,61,Quang Ninh
2/27/2025,18.3,86,0.5,10.8,1016.8,51,Quang Ninh
2/28/2025,19.9,91,0.9,13.8,1014.4,51,Quang Ninh
3/1/2025,20.6,91,0.5,13.8,1011.3,51,Quang Ninh
3/2/2025,21.7,90,1.9,14.9,1009.1,51,Quang Ninh
3/3/2025,22.2,95,0.8,13.8,1007.9,51,Quang Ninh
3/4/2025,22.2,95,0.8,15.3,1007.1,51,Quang Ninh
3/5/2025,21.1,82,0.7,22.3,1009,51,Quang Ninh
3/6/2025,14.9,66,0.5,16.9,1017.9,51,Quang Ninh
3/7/2025,14.4,69,2,11.3,1020.3,61,Quang Ninh
3/8/2025,15.8,77,0.9,15.2,1019.3,51,Quang Ninh
3/9/2025,17.6,81,1.2,14.9,1019.3,51,Quang Ninh
3/10/2025,19.4,84,0,14.2,1018.2,3,Quang Ninh
3/11/2025,20.8,88,0.3,11.9,1014,51,Quang Ninh
3/12/2025,21.2,93,1.8,11.1,1011.3,51,Quang Ninh
3/13/2025,22.5,90,2,17.1,1010.7,55,Quang Ninh
3/14/2025,22.6,94,0.3,12.6,1011,51,Quang Ninh
3/15/2025,22.5,89,3.7,16.2,1012.5,53,Quang Ninh
3/16/2025,17.5,64,8.8,13.9,1018.7,63,Quang Ninh
3/17/2025,17.3,55,0.2,14.7,1019.6,51,Quang Ninh
3/18/2025,17,57,0,13.2,1022.5,3,Quang Ninh
3/19/2025,18,51,0,18.1,1023.9,3,Quang Ninh
3/20/2025,18.2,58,0,17,1023,3,Quang Ninh
3/21/2025,19.1,56,0,12.6,1021.3,3,Quang Ninh
3/22/2025,19.7,65,0,13.6,1018.9,3,Quang Ninh
3/23/2025,20,78,0,11.6,1016.5,0,Quang Ninh
3/24/2025,21.4,76,0,13.9,1012.8,3,Quang Ninh
3/25/2025,21.6,84,0.1,12.3,1008.1,51,Quang Ninh
3/26/2025,22.1,86,0.2,15.7,1005.4,51,Quang Ninh
3/27/2025,23.7,86,0,14.9,1002.9,3,Quang Ninh
3/28/2025,25.1,81,0,20.8,1006.4,3,Quang Ninh
3/29/2025,18.8,63,0.6,21.8,1014.1,51,Quang Ninh
3/30/2025,14.9,66,0.8,14.8,1019.7,51,Quang Ninh
3/31/2025,14.9,67,0.1,9.5,1019.3,51,Quang Ninh
4/1/2025,17.7,60,0,13.2,1018.1,3,Quang Ninh
4/2/2025,18.8,66,0,14.5,1017.9,3,Quang Ninh
4/3/2025,20,68,0,14.4,1016.8,0,Quang Ninh
4/4/2025,20.9,81,0.6,15.1,1013,51,Quang Ninh
4/5/2025,21.8,79,0,13.9,1013.1,3,Quang Ninh
4/6/2025,22,80,0,16.4,1013.8,3,Quang Ninh
4/7/2025,21.8,83,0.2,14.8,1015,51,Quang Ninh
4/8/2025,22.3,89,1,10.6,1014.4,51,Quang Ninh
4/9/2025,22.9,89,1.7,13.4,1010.7,51,Quang Ninh
4/10/2025,23.5,89,0.3,13.6,1007,51,Quang Ninh
4/11/2025,24.5,87,0,15.5,1004.9,3,Quang Ninh
4/12/2025,25.4,73,15.5,21.6,1007.6,65,Quang Ninh
4/13/2025,21.6,58,0.4,19.9,1015.8,51,Quang Ninh
4/14/2025,21.6,62,0,11.8,1013.9,3,Quang Ninh
4/15/2025,22.7,68,0,14.2,1011.6,3,Quang Ninh
4/16/2025,23.1,71,0,13.5,1008.8,3,Quang Ninh
4/17/2025,24.1,85,0,13.8,1006.1,3,Quang Ninh
4/18/2025,25.3,85,0,13.8,1005.1,3,Quang Ninh
4/19/2025,26.5,81,0,12.5,1005.7,3,Quang Ninh
4/20/2025,26.2,84,3.9,16.2,1007.1,63,Quang Ninh
4/21/2025,26.4,82,0.1,17.3,1008.4,51,Quang Ninh
4/22/2025,26.9,81,0,12.5,1007.4,3,Quang Ninh
4/23/2025,27,82,0.5,15.6,1005.8,51,Quang Ninh
4/24/2025,26.6,83,7.5,17.8,1006.3,63,Quang Ninh
4/25/2025,24.6,85,20.9,14,1009.7,63,Quang Ninh
4/26/2025,25.6,86,0.5,19.1,1010.4,51,Quang Ninh
4/27/2025,26.4,87,2.3,17.2,1010,55,Quang Ninh
4/28/2025,25.7,88,6.3,10.6,1010.9,63,Quang Ninh
4/29/2025,25.4,86,0.9,13.2,1011.2,51,Quang Ninh
4/30/2025,25.8,86,0.9,12.1,1010.8,53,Quang Ninh
5/1/2025,25.6,85,2.1,11.2,1012.4,51,Quang Ninh
5/2/2025,26.2,79,0,13.6,1009.8,3,Quang Ninh
5/3/2025,26.7,83,1,16.8,1007.4,51,Quang Ninh
5/4/2025,27.4,86,3.1,17.9,1005.3,61,Quang Ninh
5/5/2025,28.2,84,1.2,16.8,1004.8,53,Quang Ninh
5/6/2025,27.7,85,4,16,1005.5,63,Quang Ninh
5/7/2025,28.1,86,1.1,16.9,1003.9,51,Quang Ninh
5/8/2025,29,82,0.1,17.6,1003,51,Quang Ninh
5/9/2025,28.4,82,8.5,16.8,1005,63,Quang Ninh
5/10/2025,26.6,83,25.3,18.2,1007.7,65,Quang Ninh
5/11/2025,23,70,0.5,20.9,1010.5,51,Quang Ninh
5/12/2025,23.7,69,0,13.1,1009.8,3,Quang Ninh
5/13/2025,25.5,76,0,15.8,1009.4,3,Quang Ninh
5/14/2025,26.8,83,1.9,13.8,1009.7,51,Quang Ninh
5/15/2025,26.1,88,6.2,16.8,1009.7,63,Quang Ninh
5/16/2025,26.5,92,21.8,13.5,1008.5,65,Quang Ninh
5/17/2025,27,90,7.4,12.2,1008.4,63,Quang Ninh
5/18/2025,27.2,90,15.9,12,1008.1,63,Quang Ninh
5/19/2025,26.4,90,27,14.8,1006.8,63,Quang Ninh
5/20/2025,28,87,14.9,16.2,1005.3,63,Quang Ninh
5/21/2025,28.5,85,1.9,19.7,1005.5,51,Quang Ninh
5/22/2025,28.5,85,6.8,18.2,1004.6,63,Quang Ninh
5/23/2025,28.1,85,3.9,11.7,1004.9,53,Quang Ninh
5/24/2025,25.2,86,8.4,12.8,1009.3,61,Quang Ninh
5/25/2025,24.2,74,1.4,14.2,1012.6,53,Quang Ninh
5/26/2025,23.9,76,5.9,16,1013,63,Quang Ninh
5/27/2025,25.6,78,4.7,20.1,1010.4,61,Quang Ninh
5/28/2025,26.7,86,3.2,14.7,1007.4,55,Quang Ninh
5/29/2025,26.8,85,2.5,16,1006.6,53,Quang Ninh
5/30/2025,26.7,83,0.7,15.3,1006.5,51,Quang Ninh
5/31/2025,28,86,1.8,14.2,1004,51,Quang Ninh
6/1/2025,30.6,74,0,20.2,999.3,3,Quang Ninh
6/2/2025,31.2,72,3.3,21.2,999,61,Quang Ninh
6/3/2025,28.4,81,2.7,11.8,1003,55,Quang Ninh
6/4/2025,28.5,80,1.7,15.2,1005.6,53,Quang Ninh
6/5/2025,28.1,85,4.9,16.5,1006.5,63,Quang Ninh
6/6/2025,29,84,2.8,14.7,1005.6,53,Quang Ninh
6/7/2025,29.2,84,4.7,15,1004.7,55,Quang Ninh
6/8/2025,29.1,86,8.7,14.3,1003.7,63,Quang Ninh
6/9/2025,28.1,86,6.9,9.5,1003.4,61,Quang Ninh
6/10/2025,28.5,82,4.5,12.7,1003.4,61,Quang Ninh
6/11/2025,28.7,78,8.3,17.1,1002.8,63,Quang Ninh
6/12/2025,28.4,77,7.1,16,1001.3,63,Quang Ninh
6/13/2025,28.7,75,3.5,24.2,1000.1,53,Quang Ninh
6/14/2025,29.8,74,1.9,16.7,1000,53,Quang Ninh
6/15/2025,29.9,81,6.1,9,1001.9,63,Quang Ninh
6/16/2025,28.5,87,5.2,11.9,1003.9,63,Quang Ninh
6/17/2025,28.1,88,38.1,14.7,1004.4,65,Quang Ninh
6/18/2025,29.1,87,25,19.7,1003.8,63,Quang Ninh
6/19/2025,29.2,85,3.4,22,1003.5,53,Quang Ninh
6/20/2025,29.3,83,4,22.2,1003.6,55,Quang Ninh
6/21/2025,28.9,84,7,18.7,1004.6,63,Quang Ninh
6/22/2025,28.2,86,17.4,17.1,1005.7,63,Quang Ninh
6/23/2025,28.6,84,4.2,15.8,1004.5,53,Quang Ninh
6/24/2025,28.8,84,4.3,16,1004.9,53,Quang Ninh
6/25/2025,28.7,82,2.4,13.2,1006.2,51,Quang Ninh
6/26/2025,28.9,79,0.8,9.6,1004.9,53,Quang Ninh
6/27/2025,27.5,87,17.9,14.9,1003.9,63,Quang Ninh
6/28/2025,27.3,86,7.7,16.8,1003.2,61,Quang Ninh
6/29/2025,27.8,85,24.4,11.6,1001.1,63,Quang Ninh
6/30/2025,27.2,89,28.2,19.7,1001.7,65,Quang Ninh
7/1/2025,26.3,90,25.1,16.6,1004.1,65,Quang Ninh
7/2/2025,26.8,87,14,17.3,1006,63,Quang Ninh
7/3/2025,27.1,86,10.4,20,1006.1,61,Quang Ninh
7/4/2025,27.6,85,2.6,12.3,1004.7,53,Quang Ninh
7/5/2025,28.7,78,0,12.1,1003.2,3,Quang Ninh
7/6/2025,28.8,81,0.8,11.5,1003.1,53,Quang Ninh
7/7/2025,28.2,84,8.5,12.7,1002.4,63,Quang Ninh
7/8/2025,29.1,85,6.8,11.5,1000.5,63,Quang Ninh
7/9/2025,30,84,9.6,10.8,998.7,65,Quang Ninh
7/10/2025,28.6,86,7,8.9,997.3,63,Quang Ninh
7/11/2025,27.9,88,27.1,10.9,998.6,65,Quang Ninh
7/12/2025,27.6,87,5.7,11.6,1002.9,55,Quang Ninh
7/13/2025,28,87,5.5,10.9,1004.5,63,Quang Ninh
7/14/2025,28.7,83,5.8,11.4,1003.5,61,Quang Ninh
7/15/2025,28.2,87,22.8,8.8,1001.8,65,Quang Ninh
7/16/2025,30,80,2.2,13.7,1002.1,53,Quang Ninh
7/17/2025,30.7,77,0.2,9.6,1002.2,51,Quang Ninh
7/18/2025,31.2,77,0,10.9,999.5,3,Quang Ninh
7/19/2025,30.1,79,12.3,11.9,996.3,65,Quang Ninh
7/20/2025,27.4,89,13.9,14.2,995.1,63,Quang Ninh
7/21/2025,26.5,95,87.3,37.3,990.7,65,Quang Ninh
7/22/2025,27.6,84,25.7,47,989.3,63,Quang Ninh
7/23/2025,27.3,86,18.9,18.3,998.2,63,Quang Ninh
7/24/2025,26.9,88,19,21.1,1000.8,63,Quang Ninh
7/25/2025,27,89,19.7,10.3,1000.8,65,Quang Ninh
7/26/2025,28.5,82,0.3,12.9,1000.5,51,Quang Ninh
7/27/2025,28.9,80,0.2,12.6,1000.1,51,Quang Ninh
7/28/2025,29.4,81,0.5,9.4,998.6,51,Quang Ninh
7/29/2025,30.1,81,0.5,8.5,997.1,51,Quang Ninh
7/30/2025,30.8,82,13.3,12.5,996.8,65,Quang Ninh
7/31/2025,29.5,84,6.9,10.8,997.1,63,Quang Ninh
8/1/2025,27.7,86,23.9,12.8,998.1,65,Quang Ninh
8/2/2025,29.7,81,0.3,11.5,1000,51,Quang Ninh
8/3/2025,31.1,79,7.1,16.6,999.7,63,Quang Ninh
8/4/2025,31.1,75,4.9,16.3,999.5,61,Quang Ninh
8/5/2025,30.3,81,3,7.5,1000.9,55,Quang Ninh
8/6/2025,28.3,87,19.9,12.9,1003,63,Quang Ninh
8/7/2025,28.1,87,30.5,13.4,1005.7,65,Quang Ninh
8/8/2025,29.8,83,2.2,13.5,1006,53,Quang Ninh
8/9/2025,30.2,84,1.6,13.9,1005,51,Quang Ninh
8/10/2025,29.7,85,2.6,16.7,1004.6,53,Quang Ninh
8/11/2025,29.3,82,2.2,14.5,1004.4,53,Quang Ninh
8/12/2025,29.6,80,2.6,13.1,1004.9,53,Quang Ninh
8/13/2025,29.4,80,3.6,8.7,1005.6,61,Quang Ninh
8/14/2025,29.4,82,3.7,8.2,1003.7,63,Quang Ninh
8/15/2025,26.3,89,20.2,17.7,1004.7,63,Quang Ninh
8/16/2025,26,88,19.1,17.5,1006.7,63,Quang Ninh
8/17/2025,27.4,79,3,22.9,1006.4,61,Quang Ninh
8/18/2025,25.5,90,29.5,15.7,1004.6,63,Quang Ninh
8/19/2025,26.2,89,41.1,19.2,1004.9,63,Quang Ninh
8/20/2025,28.3,84,8.7,17.7,1006.8,61,Quang Ninh
8/21/2025,28.6,84,7.9,18.8,1008,61,Quang Ninh
8/22/2025,28.7,80,3.7,15.4,1007.8,53,Quang Ninh
8/23/2025,28,83,3.4,10,1007.4,61,Quang Ninh
8/24/2025,27.7,80,6.6,19.9,1005.6,61,Quang Ninh
8/25/2025,25,90,59.6,40,1003.7,63,Quang Ninh
8/26/2025,25.5,92,25.8,27.4,1006.9,63,Quang Ninh
8/27/2025,25.9,90,10.1,13,1007.3,63,Quang Ninh
8/28/2025,27.1,83,1.6,13.3,1006.8,55,Quang Ninh
8/29/2025,26.6,85,8.4,19.6,1007.4,63,Quang Ninh
8/30/2025,26.8,84,11,30.5,1006.6,63,Quang Ninh
8/31/2025,27.4,84,2.5,19,1007.2,61,Quang Ninh
9/1/2025,27.4,84,2.5,16.4,1006.4,53,Quang Ninh
9/2/2025,27.6,85,2,14.6,1006.4,53,Quang Ninh
9/3/2025,28.5,80,0.9,11.7,1006.7,51,Quang Ninh
9/4/2025,28.7,81,1,9.9,1006.4,51,Quang Ninh
9/5/2025,29.2,79,0.6,10.7,1006.6,51,Quang Ninh
9/6/2025,28.7,82,2.2,12.6,1007.2,55,Quang Ninh
9/7/2025,29.3,74,0,7.5,1005.3,3,Quang Ninh
9/8/2025,29.7,75,2.9,12.4,1004.3,61,Quang Ninh
9/9/2025,28.7,84,2.6,12.1,1005.9,53,Quang Ninh
9/10/2025,27.7,85,12.9,11.2,1007.6,63,Quang Ninh
9/11/2025,27.5,86,15.5,14.6,1008.5,63,Quang Ninh
9/12/2025,27.9,83,8.9,15.4,1009.4,63,Quang Ninh
9/13/2025,28.3,79,0,14.3,1009.7,3,Quang Ninh
9/14/2025,27.5,84,10.5,10.2,1009.6,63,Quang Ninh
9/15/2025,26.3,87,11.7,12.8,1010.4,63,Quang Ninh
9/16/2025,27.5,81,1.1,15.1,1009.7,53,Quang Ninh
9/17/2025,26.6,85,8.9,13.6,1008.5,63,Quang Ninh
9/18/2025,27.4,83,5.6,16.6,1008,63,Quang Ninh
9/19/2025,28.1,81,3,11.5,1007.9,61,Quang Ninh
9/20/2025,29.2,76,0.7,7.7,1006.2,51,Quang Ninh
9/21/2025,28.4,81,7.3,15.8,1005.7,63,Quang Ninh
9/22/2025,26.1,88,20.5,14.3,1007,65,Quang Ninh
9/23/2025,27.4,82,1.9,8.5,1004.6,61,Quang Ninh
9/24/2025,29,64,0,23.9,1000.8,3,Quang Ninh
9/25/2025,25.9,79,11.7,17.5,1001.6,61,Quang Ninh
9/26/2025,25.7,91,8.5,18.2,1009.4,61,Quang Ninh
9/27/2025,28.5,75,0.3,18.7,1010.7,51,Quang Ninh
9/28/2025,26.2,84,27.3,33.9,1007.3,63,Quang Ninh
9/29/2025,25.2,95,95.4,39.8,1006.9,65,Quang Ninh
9/30/2025,26.1,90,37.6,21.5,1010.5,65,Quang Ninh
10/1/2025,26.9,85,7,10.2,1011.2,63,Quang Ninh
10/2/2025,27.4,82,0.8,11.7,1011.2,51,Quang Ninh
10/3/2025,27.5,84,0,13.1,1010.9,1,Quang Ninh
10/4/2025,27.4,86,0.6,11.3,1010.3,51,Quang Ninh
10/5/2025,28.8,74,0.2,17.9,1005,51,Quang Ninh
10/6/2025,24.9,93,42,30,1003.8,63,Quang Ninh
10/7/2025,26.3,89,36.7,18.9,1011.5,65,Quang Ninh
10/8/2025,26.6,83,12.6,9.7,1012.3,63,Quang Ninh
10/9/2025,27.1,77,0,12.1,1011.6,2,Quang Ninh
10/10/2025,27.4,80,0.4,12.3,1011,51,Quang Ninh
10/11/2025,27.3,81,1.1,12.9,1010.2,51,Quang Ninh
10/12/2025,27.5,81,0.2,12.9,1009.8,51,Quang Ninh
10/13/2025,26.5,87,7.5,16.4,1010.5,63,Quang Ninh
10/14/2025,25.6,90,18.7,16.9,1010.9,63,Quang Ninh
10/15/2025,26.1,88,9.3,12.6,1011.7,63,Quang Ninh
10/16/2025,27.1,81,0.5,15.3,1012.8,51,Quang Ninh
10/17/2025,27.2,76,0.5,15,1013,51,Quang Ninh
10/18/2025,27.5,74,0.2,15.1,1012.2,51,Quang Ninh
10/19/2025,26.9,80,6,10.1,1011.8,63,Quang Ninh
10/20/2025,25.7,64,0,16.7,1012.6,2,Quang Ninh
10/21/2025,23.4,58,0,22.2,1014.4,3,Quang Ninh
10/22/2025,20.7,57,0,22.4,1016.3,3,Quang Ninh
10/23/2025,19.1,64,1.2,17.7,1017.9,53,Quang Ninh
10/24/2025,21.6,66,0,13.2,1017.3,3,Quang Ninh
10/25/2025,23.3,66,0,10.4,1015.8,3,Quang Ninh
10/26/2025,23.8,67,0,15.9,1015.6,3,Quang Ninh
10/27/2025,23.8,63,0,16.2,1016.1,3,Quang Ninh
10/28/2025,23.3,68,0.8,11.3,1016.2,51,Quang Ninh
10/29/2025,23.8,68,0,11.1,1015.1,3,Quang Ninh
10/30/2025,24.1,83,25,18.3,1014.7,65,Quang Ninh
10/31/2025,23.8,84,14,9.9,1015.4,63,Quang Ninh
11/1/2025,22.7,78,3.3,14.9,1016.1,55,Quang Ninh
11/2/2025,21.6,74,0,14.5,1016.5,3,Quang Ninh
11/3/2025,19.6,79,8.8,18.6,1016.4,61,Quang Ninh
11/4/2025,18.5,79,7.3,17.8,1015.9,63,Quang Ninh
11/5/2025,20.7,83,0.4,6.1,1013.6,51,Quang Ninh
11/6/2025,22.7,82,0.1,15.5,1012.1,51,Quang Ninh
11/7/2025,24.7,80,3.9,23.3,1010.8,61,Quang Ninh
11/8/2025,25.4,90,4.2,21,1012.5,53,Quang Ninh
11/9/2025,25.5,86,0.8,18.5,1011.9,51,Quang Ninh
11/10/2025,24.3,81,0,12.6,1010.5,3,Quang Ninh
11/11/2025,22.3,74,0.1,13.6,1011.4,51,Quang Ninh
11/12/2025,21.7,66,0,16.1,1014.4,3,Quang Ninh
11/13/2025,21,66,0,11.7,1017,3,Quang Ninh
11/14/2025,20.3,67,0,13.4,1017.3,3,Quang Ninh
11/15/2025,21.7,73,0,15.8,1018.4,2,Quang Ninh
11/16/2025,22.9,77,0.9,11.3,1018.8,51,Quang Ninh
11/17/2025,23.7,79,1.5,14.4,1018.8,55,Quang Ninh
11/18/2025,18,83,7.8,24.9,1022.4,53,Quang Ninh
11/19/2025,13.4,69,5.4,22.9,1025.8,61,Quang Ninh
11/20/2025,17.1,53,0,11.8,1023.8,3,Quang Ninh
11/21/2025,18.7,53,0,13.2,1022.8,2,Quang Ninh
11/22/2025,18.9,59,0,10.8,1020.6,3,Quang Ninh
11/23/2025,19.7,61,0,11.4,1018.9,1,Quang Ninh
11/24/2025,20.7,62,0,13.3,1019,2,Quang Ninh
11/25/2025,20.2,51,0,18.8,1019.9,3,Quang Ninh
11/26/2025,17.4,61,0,11.3,1019.5,3,Quang Ninh
11/27/2025,18.1,43,0,18.3,1022,3,Quang Ninh
11/28/2025,18.3,47,0,13.1,1017.9,3,Quang Ninh
11/29/2025,17.7,59,0,11.1,1015.1,2,Quang Ninh
11/30/2025,20.5,69,0,11,1013.5,3,Quang Ninh
12/1/2025,21.5,83,0.2,10.6,1013.7,51,Quang Ninh
12/2/2025,22.2,85,0,12.3,1013.2,3,Quang Ninh
12/3/2025,21.5,76,0.2,15.7,1018.1,51,Quang Ninh
12/4/2025,20.8,61,0,15.2,1019,3,Quang Ninh
12/5/2025,21.4,67,0,18,1019.9,3,Quang Ninh
12/6/2025,20.1,71,0,15.6,1018.6,3,Quang Ninh
12/7/2025,21.3,75,0.8,15.9,1018.3,51,Quang Ninh
12/8/2025,21.3,67,0,14.6,1019.3,3,Quang Ninh
12/9/2025,20.1,68,0,14.8,1018.4,3,Quang Ninh
12/10/2025,21.4,63,0,16.4,1017.4,3,Quang Ninh
12/11/2025,21.1,76,0.9,10.3,1017.2,51,Quang Ninh
12/12/2025,21.9,84,0,11.7,1015.2,3,Quang Ninh
12/13/2025,20.1,88,13.3,21.4,1018.1,63,Quang Ninh
12/14/2025,16.8,62,0.2,14.9,1021.6,51,Quang Ninh
12/15/2025,17.8,64,0,10.9,1019.2,3,Quang Ninh
12/16/2025,19.3,80,1.4,11,1017.8,53,Quang Ninh
12/17/2025,20.7,80,0.7,14.2,1019.5,51,Quang Ninh
12/18/2025,19.7,75,0,10.9,1018.1,0,Quang Ninh
12/19/2025,19.7,80,0,10.1,1014.7,1,Quang Ninh
12/20/2025,21,85,0.2,14.8,1015.2,51,Quang Ninh
12/21/2025,21.8,76,0.2,9.6,1016.8,51,Quang Ninh
12/22/2025,21,80,0,22.5,1015.3,2,Quang Ninh
12/23/2025,21.4,88,0.8,16.6,1014.2,51,Quang Ninh
12/24/2025,21.5,87,0.1,17.3,1013.4,51,Quang Ninh
12/25/2025,16.4,61,0.3,25.2,1019.1,51,Quang Ninh
12/26/2025,15.2,54,0,11.4,1020.3,3,Quang Ninh
12/27/2025,16,62,0,12,1019.2,3,Quang Ninh
12/28/2025,17.8,67,0,12.6,1018.2,3,Quang Ninh
12/29/2025,18.7,74,0,12.1,1015.7,3,Quang Ninh
12/30/2025,19.8,78,0,17.8,1014.6,3,Quang Ninh
12/31/2025,20,77,0,18.8,1012.1,3,Quang Ninh
1/1/2025,15,85,0,4.2,1005.9,3,Lao Cai
1/2/2025,16.3,82,0.2,4.6,1007.5,51,Lao Cai
1/3/2025,18.4,73,0,6.6,1008.7,3,Lao Cai
1/4/2025,17.1,73,0,7,1007,3,Lao Cai
1/5/2025,17.6,71,0.7,4.5,1009.2,51,Lao Cai
1/6/2025,14.8,78,0,6.2,1006.2,3,Lao Cai
1/7/2025,13.9,86,2.1,6.8,1005.9,51,Lao Cai
1/8/2025,15,90,2.5,5.8,1006.4,51,Lao Cai
1/9/2025,16,87,4.5,5.7,1009.7,55,Lao Cai
1/10/2025,14,75,0.4,5.6,1016.1,51,Lao Cai
1/11/2025,13.3,66,0.1,6.1,1019.3,51,Lao Cai
1/12/2025,12.3,65,0,8.7,1014.6,0,Lao Cai
1/13/2025,12.6,65,0,7.5,1009.8,0,Lao Cai
1/14/2025,13.3,69,0,4.9,1009.7,0,Lao Cai
1/15/2025,15.4,68,0,8.1,1013.4,3,Lao Cai
1/16/2025,15.5,64,0,6.7,1013.2,3,Lao Cai
1/17/2025,14.9,65,0,9.4,1008.7,2,Lao Cai
1/18/2025,12.8,81,0,8.1,1007.8,3,Lao Cai
1/19/2025,14.3,77,0,4.8,1005.9,3,Lao Cai
1/20/2025,14.5,75,0,7.1,1004.5,3,Lao Cai
1/21/2025,14.9,79,0,6.9,1003.3,3,Lao Cai
1/22/2025,14.8,86,0.6,7.2,1004,51,Lao Cai
1/23/2025,15.1,96,3.9,5.6,1002.7,53,Lao Cai
1/24/2025,16.9,90,0.6,9.9,998.8,51,Lao Cai
1/25/2025,17.9,92,1,6.2,1000.8,53,Lao Cai
1/26/2025,15.4,72,45.8,13.6,1012.8,65,Lao Cai
1/27/2025,12.9,66,1.1,7.9,1012.4,53,Lao Cai
1/28/2025,12,69,1.2,6.2,1013.4,53,Lao Cai
1/29/2025,11,71,0.4,5,1012,51,Lao Cai
1/30/2025,11.8,81,0.1,5.5,1004.6,51,Lao Cai
1/31/2025,14.5,89,0.2,6.3,1001.3,51,Lao Cai
2/1/2025,16.8,90,0,8.1,999.2,3,Lao Cai
2/2/2025,18.3,88,0.2,13.2,1000,51,Lao Cai
2/3/2025,15.8,89,8.4,10,1008.6,61,Lao Cai
2/4/2025,14.9,67,0,7.3,1010,3,Lao Cai
2/5/2025,12.1,84,1.1,7.7,1005.4,51,Lao Cai
2/6/2025,12,97,2.4,6.7,1004.3,51,Lao Cai
2/7/2025,14.1,86,5.1,6.5,1009.6,53,Lao Cai
2/8/2025,12.9,78,2.2,8.8,1012.6,53,Lao Cai
2/9/2025,11.4,79,1.6,8.4,1011.6,51,Lao Cai
2/10/2025,9.8,88,0.4,7.8,1008.9,51,Lao Cai
2/11/2025,11.9,92,0.1,7,1005.4,51,Lao Cai
2/12/2025,15.8,90,0,5.2,1005.4,3,Lao Cai
2/13/2025,17.1,89,1.9,7.5,1005.6,53,Lao Cai
2/14/2025,16.1,94,1.6,7.1,1003.2,51,Lao Cai
2/15/2025,17.2,94,1.1,7.3,1001.4,51,Lao Cai
2/16/2025,18.1,87,2.4,14.6,1004.1,53,Lao Cai
2/17/2025,15.5,92,1,5.8,1007.2,51,Lao Cai
2/18/2025,16.3,90,1.5,7.5,1007.7,51,Lao Cai
2/19/2025,15.6,92,2,7.9,1006.9,51,Lao Cai
2/20/2025,17.3,90,1.9,7.6,1006.8,53,Lao Cai
2/21/2025,18.1,95,28.1,9.6,1007.2,63,Lao Cai
2/22/2025,17,91,6.5,6.6,1008.3,55,Lao Cai
2/23/2025,17.4,88,3.5,8.8,1012.2,51,Lao Cai
2/24/2025,13.9,86,2.7,9.4,1015.3,53,Lao Cai
2/25/2025,13.4,87,0.2,6.9,1013.4,51,Lao Cai
2/26/2025,14.4,90,5.4,4.4,1010.4,61,Lao Cai
2/27/2025,16.7,87,0.2,7.6,1004.8,51,Lao Cai
2/28/2025,17.5,90,0.3,9.3,1002.3,51,Lao Cai
3/1/2025,19.9,89,0.6,11.6,998.5,51,Lao Cai
3/2/2025,21.3,88,1.4,10,996.5,51,Lao Cai
3/3/2025,23.5,78,0.1,9.1,995.8,51,Lao Cai
3/4/2025,24,74,0.1,10.4,994.4,51,Lao Cai
3/5/2025,22.9,85,0.7,16.7,996.6,51,Lao Cai
3/6/2025,17.9,82,2.8,12.7,1006.6,53,Lao Cai
3/7/2025,15.8,68,0,7.8,1008.9,3,Lao Cai
3/8/2025,14,77,0.2,6.2,1008,51,Lao Cai
3/9/2025,14.4,88,0.5,5.9,1008.4,51,Lao Cai
3/10/2025,17.3,89,0.7,6.8,1007.1,51,Lao Cai
3/11/2025,19.3,89,1.1,7.9,1002.2,51,Lao Cai
3/12/2025,21.3,89,1.2,6.2,999.2,51,Lao Cai
3/13/2025,23,85,7.1,11.9,998.3,63,Lao Cai
3/14/2025,23.5,82,0.6,10,998.6,51,Lao Cai
3/15/2025,23.4,83,0.8,13.9,1001,51,Lao Cai
3/16/2025,18.9,67,1,11.2,1007.6,51,Lao Cai
3/17/2025,16.2,60,0,8.4,1008.6,3,Lao Cai
3/18/2025,14.9,76,3.5,6.7,1012.6,53,Lao Cai
3/19/2025,16,63,0,8.1,1014.5,3,Lao Cai
3/20/2025,17.8,59,0,7.9,1012.5,3,Lao Cai
3/21/2025,18.9,61,0,5.2,1009.8,3,Lao Cai
3/22/2025,18.8,63,0,4.7,1007.4,3,Lao Cai
3/23/2025,20.3,64,0,5.4,1004.5,1,Lao Cai
3/24/2025,22.1,75,3.4,6.1,1001.3,61,Lao Cai
3/25/2025,23.7,71,0,6.1,995.9,3,Lao Cai
3/26/2025,24.5,73,0,9.2,992.4,3,Lao Cai
3/27/2025,24.9,74,0.7,12.1,990.1,51,Lao Cai
3/28/2025,25.1,75,0,14.2,994.4,3,Lao Cai
3/29/2025,20.8,77,3,13.1,1002.4,61,Lao Cai
3/30/2025,15.5,74,1.1,7.3,1008.5,51,Lao Cai
3/31/2025,13.9,74,1.2,6.2,1008.4,51,Lao Cai
4/1/2025,15.6,78,4.6,6.7,1007.7,55,Lao Cai
4/2/2025,17.6,72,2.8,3.7,1007.4,61,Lao Cai
4/3/2025,19.1,67,0,3.9,1005.2,3,Lao Cai
4/4/2025,19.6,74,0,7.2,1000.8,3,Lao Cai
4/5/2025,20.8,86,5.3,6.9,1002.1,53,Lao Cai
4/6/2025,20.3,91,6.9,5.3,1002.8,55,Lao Cai
4/7/2025,19.8,95,3.9,6.1,1003.8,55,Lao Cai
4/8/2025,21.8,86,0,8.9,1002.6,3,Lao Cai
4/9/2025,22,91,0.3,10.3,998.8,51,Lao Cai
4/10/2025,24.4,82,0.3,7.7,994.8,51,Lao Cai
4/11/2025,25.1,81,0.2,11.4,992.7,51,Lao Cai
4/12/2025,25.3,74,6.9,13.6,997.6,61,Lao Cai
4/13/2025,20.3,63,4.3,9.7,1006.4,55,Lao Cai
4/14/2025,21.2,66,0,8.7,1003.3,3,Lao Cai
4/15/2025,24.5,55,0,6.7,1000.2,3,Lao Cai
4/16/2025,24.3,60,0,7.8,996.3,3,Lao Cai
4/17/2025,25.3,70,0,9,993.6,3,Lao Cai
4/18/2025,27.2,73,0.7,10.9,992.4,53,Lao Cai
4/19/2025,28,63,0,10.2,992.8,2,Lao Cai
4/20/2025,28.4,63,1.2,9.9,993.9,51,Lao Cai
4/21/2025,27.7,71,2.3,10.3,995.3,53,Lao Cai
4/22/2025,28.3,65,0.2,10,994.7,51,Lao Cai
4/23/2025,28.5,67,1.8,16.9,993.5,61,Lao Cai
4/24/2025,27.4,78,2.4,9.4,994.7,61,Lao Cai
4/25/2025,25.2,80,19.8,8.4,998.6,65,Lao Cai
4/26/2025,25.5,83,3.3,14.7,998.4,53,Lao Cai
4/27/2025,26.7,83,7.2,7.3,997.8,61,Lao Cai
4/28/2025,25,83,26.3,7.5,1000.6,63,Lao Cai
4/29/2025,24,82,2.5,4.6,1000.5,53,Lao Cai
4/30/2025,24,86,28.3,10.7,1000.1,63,Lao Cai
5/1/2025,25.3,76,7.9,7.4,1002.3,61,Lao Cai
5/2/2025,26.3,60,0,3.7,998.6,3,Lao Cai
5/3/2025,26.7,72,1.8,10.5,995.5,61,Lao Cai
5/4/2025,27.5,70,1.5,10.4,993,53,Lao Cai
5/5/2025,29,63,0,10.2,992.5,2,Lao Cai
5/6/2025,28.7,68,0.1,11.6,993.2,51,Lao Cai
5/7/2025,28.2,78,5.5,13.5,991.9,61,Lao Cai
5/8/2025,29.7,70,9.2,13.4,990.5,63,Lao Cai
5/9/2025,29.2,65,0.5,13.6,993.9,51,Lao Cai
5/10/2025,25.4,85,55.5,14.3,997.8,65,Lao Cai
5/11/2025,23.6,69,13,11.2,1001,63,Lao Cai
5/12/2025,23.7,62,0,6.1,998.7,3,Lao Cai
5/13/2025,24.2,70,0,6.1,997.6,3,Lao Cai
5/14/2025,26,82,10,11.3,997.9,63,Lao Cai
5/15/2025,24.3,94,33.1,7.2,998.3,65,Lao Cai
5/16/2025,26.2,85,5,8.1,996.6,61,Lao Cai
5/17/2025,26.4,86,13.5,9.7,996.7,63,Lao Cai
5/18/2025,25.7,89,28.4,7,997.1,63,Lao Cai
5/19/2025,26.1,86,12.1,8.7,995.3,63,Lao Cai
5/20/2025,27.7,82,4.6,12.6,992.9,61,Lao Cai
5/21/2025,28.2,81,0.8,14.6,993.2,51,Lao Cai
5/22/2025,27.2,87,11,15.5,992.8,63,Lao Cai
5/23/2025,27.1,81,42.5,12.8,994.8,65,Lao Cai
5/24/2025,25.6,72,7.8,8.9,1000.5,63,Lao Cai
5/25/2025,24.6,70,0,4.5,1003.1,3,Lao Cai
5/26/2025,23,78,0.5,6.8,1002.7,51,Lao Cai
5/27/2025,23.5,84,0.6,9.6,999.9,51,Lao Cai
5/28/2025,25,88,8,6.1,996.3,61,Lao Cai
5/29/2025,24.5,93,24.4,3.9,996.4,63,Lao Cai
5/30/2025,25.1,87,3.6,12.2,995.4,55,Lao Cai
5/31/2025,27.8,83,3.2,10.3,991.7,53,Lao Cai
6/1/2025,30.5,72,0.3,10.4,987.7,51,Lao Cai
6/2/2025,31.3,67,1.9,12.1,988.3,55,Lao Cai
6/3/2025,25.8,93,39.3,8,993.2,63,Lao Cai
6/4/2025,24.7,94,27.4,5.8,995.9,63,Lao Cai
6/5/2025,25.9,89,1.8,6.9,995.7,53,Lao Cai
6/6/2025,27.3,85,11.8,7.3,993.9,63,Lao Cai
6/7/2025,27.6,85,17.8,11,993.1,63,Lao Cai
6/8/2025,26.4,91,39.1,8.5,993.3,65,Lao Cai
6/9/2025,26.9,87,15,7.8,993.4,63,Lao Cai
6/10/2025,26.7,79,5.9,6.7,995.1,53,Lao Cai
6/11/2025,28.9,62,0,9.6,994,3,Lao Cai
6/12/2025,29.3,67,4.3,6.7,993,63,Lao Cai
6/13/2025,29.6,69,0.2,9.8,992.1,51,Lao Cai
6/14/2025,29.7,74,0.3,10.8,990.2,51,Lao Cai
6/15/2025,28.3,80,5.5,10.3,991.6,63,Lao Cai
6/16/2025,27.3,86,18.5,8.6,992.9,63,Lao Cai
6/17/2025,27.8,85,3.5,10.4,992.7,61,Lao Cai
6/18/2025,28.7,80,0.1,9.4,990.9,51,Lao Cai
6/19/2025,28.1,81,1.7,8.3,991,53,Lao Cai
6/20/2025,26.3,90,9.9,6.6,992.2,61,Lao Cai
6/21/2025,24.9,98,35.6,4.5,993.5,63,Lao Cai
6/22/2025,25.2,94,23.3,6.3,994.3,63,Lao Cai
6/23/2025,25.9,90,32.2,8.7,993.1,65,Lao Cai
6/24/2025,26.2,89,15.3,8,993.5,63,Lao Cai
6/25/2025,26.3,89,3.4,7.1,995.2,53,Lao Cai
6/26/2025,26.5,87,8.3,4.3,994.5,63,Lao Cai
6/27/2025,25.5,93,21,4.8,993,63,Lao Cai
6/28/2025,24.9,93,11.2,6.9,992.3,61,Lao Cai
6/29/2025,25.8,91,14.8,6,990,63,Lao Cai
6/30/2025,26.1,91,14.3,7.8,990.4,63,Lao Cai
7/1/2025,24.7,96,20.7,6.9,992.7,63,Lao Cai
7/2/2025,24.8,95,63.9,7.9,995.2,65,Lao Cai
7/3/2025,26.1,86,2,10.7,996,53,Lao Cai
7/4/2025,27.2,83,0.4,7.6,994.6,51,Lao Cai
7/5/2025,27.8,77,1.1,5.2,993,53,Lao Cai
7/6/2025,28.4,74,0,6.4,992.5,3,Lao Cai
7/7/2025,28,78,0.3,6,991.6,51,Lao Cai
7/8/2025,29.2,77,2.8,8.5,989.6,61,Lao Cai
7/9/2025,29.8,76,0.4,9,988.6,51,Lao Cai
7/10/2025,28.9,79,12.8,9,988.2,63,Lao Cai
7/11/2025,27.7,80,8.7,8.7,989.8,63,Lao Cai
7/12/2025,27.1,81,16.3,7.6,993.8,63,Lao Cai
7/13/2025,28,81,6.1,6.2,994.5,61,Lao Cai
7/14/2025,27.7,83,4.3,9.3,993,61,Lao Cai
7/15/2025,28.2,82,1,5.6,990.8,53,Lao Cai
7/16/2025,26.5,90,4.2,6.4,991.8,61,Lao Cai
7/17/2025,28.1,83,2.5,6.5,991.9,53,Lao Cai
7/18/2025,30.4,70,0,9.1,989,3,Lao Cai
7/19/2025,29.6,75,2.8,10.3,987.2,61,Lao Cai
7/20/2025,30.2,73,7.4,8.5,986.5,63,Lao Cai
7/21/2025,30.1,72,4.9,13,984.9,61,Lao Cai
7/22/2025,27.6,83,55.3,9.9,984.3,65,Lao Cai
7/23/2025,26.9,85,27.2,10.3,987.6,63,Lao Cai
7/24/2025,25.7,94,15.3,5.6,990.7,63,Lao Cai
7/25/2025,26.5,90,7.7,7,990.9,61,Lao Cai
7/26/2025,27.2,86,11.7,4.1,990.7,63,Lao Cai
7/27/2025,28.3,79,0.3,7.9,990.2,51,Lao Cai
7/28/2025,29.9,66,0.2,7.5,988.2,51,Lao Cai
7/29/2025,30.4,68,0,8.4,986.3,3,Lao Cai
7/30/2025,30.8,72,0,7.4,986.3,3,Lao Cai
7/31/2025,29.6,78,10.3,9.1,986.8,63,Lao Cai
8/1/2025,29.1,81,11.4,8.1,987.9,63,Lao Cai
8/2/2025,29.4,78,0.7,10.2,989.4,51,Lao Cai
8/3/2025,31,71,0,9.8,988.6,3,Lao Cai
8/4/2025,31.4,69,0,8.9,988.5,3,Lao Cai
8/5/2025,29.5,78,5,7.6,990.6,61,Lao Cai
8/6/2025,26.5,92,23.3,8.2,992,65,Lao Cai
8/7/2025,25.6,92,15.6,5.9,994.6,63,Lao Cai
8/8/2025,27.9,80,0.1,9.2,994.6,51,Lao Cai
8/9/2025,29.1,74,0.6,8.8,993.3,53,Lao Cai
8/10/2025,28.3,83,9.9,7.6,993.3,63,Lao Cai
8/11/2025,27.6,87,2.2,5.1,993.5,51,Lao Cai
8/12/2025,27.4,86,2.8,6.4,994.3,53,Lao Cai
8/13/2025,27.9,84,7.5,6.3,995.6,63,Lao Cai
8/14/2025,28.9,78,0.3,8.7,993.5,51,Lao Cai
8/15/2025,25,94,31,6,994.2,63,Lao Cai
8/16/2025,25.3,88,7.2,10.2,997.1,61,Lao Cai
8/17/2025,27.3,77,2.1,6,997.9,53,Lao Cai
8/18/2025,28.5,70,0.6,8.8,995.5,51,Lao Cai
8/19/2025,27.3,83,1,13.7,994.5,53,Lao Cai
8/20/2025,25.8,93,14.3,9.5,995.1,61,Lao Cai
8/21/2025,25.6,92,26.7,10.6,996.3,63,Lao Cai
8/22/2025,24,97,31,6,996.6,63,Lao Cai
8/23/2025,24.1,95,16.6,4.1,997.4,63,Lao Cai
8/24/2025,27.6,78,0.2,7.7,996.8,51,Lao Cai
8/25/2025,26.4,80,11.6,15.9,996.6,65,Lao Cai
8/26/2025,23.3,93,31.3,5.1,997.1,63,Lao Cai
8/27/2025,24.4,92,16.7,5.6,997.3,63,Lao Cai
8/28/2025,26.2,82,0.4,8.3,996.8,51,Lao Cai
8/29/2025,26.7,78,7.6,11.2,998.4,63,Lao Cai
8/30/2025,27.5,76,12.1,14.8,998.3,63,Lao Cai
8/31/2025,26.6,85,6.5,9.9,997.8,61,Lao Cai
9/1/2025,27.3,79,0.3,6.1,996,51,Lao Cai
9/2/2025,27.5,81,0.3,5.2,995.7,51,Lao Cai
9/3/2025,27.4,84,1.3,6.2,995.9,53,Lao Cai
9/4/2025,27.6,85,0.8,6.6,995.4,51,Lao Cai
9/5/2025,28.2,82,1.2,7.9,995.6,53,Lao Cai
9/6/2025,27.3,85,0.4,5.2,997.1,51,Lao Cai
9/7/2025,27.8,80,0.9,6.4,995.7,53,Lao Cai
9/8/2025,28.8,72,1.9,6.7,993.9,61,Lao Cai
9/9/2025,26.4,89,13.1,6.7,995.7,63,Lao Cai
9/10/2025,25.5,92,24.9,6.1,996.7,63,Lao Cai
9/11/2025,25.4,91,16.2,7.1,997.2,63,Lao Cai
9/12/2025,25.4,92,9.8,5,998.1,61,Lao Cai
9/13/2025,25.2,93,4.9,4.8,999.2,55,Lao Cai
9/14/2025,25.6,91,1.8,5.1,999.2,51,Lao Cai
9/15/2025,25.7,89,11.4,8.6,999.3,63,Lao Cai
9/16/2025,25.7,87,14,4.2,999.5,63,Lao Cai
9/17/2025,26.5,82,6.5,7.8,998.3,63,Lao Cai
9/18/2025,26.7,83,1.5,6,998.4,51,Lao Cai
9/19/2025,27.4,77,0,6.6,997.8,3,Lao Cai
9/20/2025,27.6,76,0,5,995.9,3,Lao Cai
9/21/2025,27.7,79,0.1,11.3,995.2,51,Lao Cai
9/22/2025,25.7,90,10.1,7.9,996.8,63,Lao Cai
9/23/2025,25.8,88,26.5,7.9,995.9,63,Lao Cai
9/24/2025,28.3,67,2.4,8.1,993.8,61,Lao Cai
9/25/2025,26.6,72,6.2,7.6,993.8,61,Lao Cai
9/26/2025,24.5,84,7.6,3.5,1000.1,63,Lao Cai
9/27/2025,25.6,86,16.8,7.1,1002.4,63,Lao Cai
9/28/2025,26.2,79,2.4,9.9,999.7,53,Lao Cai
9/29/2025,23.4,91,73.7,8.6,996.7,65,Lao Cai
9/30/2025,23.9,97,33.3,9.7,998.4,63,Lao Cai
10/1/2025,23.8,96,11.8,4.4,1000.5,61,Lao Cai
10/2/2025,25,93,20.5,5.7,1000.2,65,Lao Cai
10/3/2025,26,89,8.9,8.7,999.6,63,Lao Cai
10/4/2025,25.6,91,5.5,5.4,999.8,61,Lao Cai
10/5/2025,27,83,3.3,7,996.8,53,Lao Cai
10/6/2025,26.7,81,9.5,9.8,994,63,Lao Cai
10/7/2025,23.2,97,40,9.6,999.8,63,Lao Cai
10/8/2025,24.6,90,3.5,3.7,1002.5,55,Lao Cai
10/9/2025,25.6,82,0.5,6,1001.5,51,Lao Cai
10/10/2025,26,80,0,7.4,1000.6,3,Lao Cai
10/11/2025,25.3,81,0.8,4.8,999.7,51,Lao Cai
10/12/2025,25.6,84,0.5,6.4,999.3,51,Lao Cai
10/13/2025,26.2,84,1.1,6.7,1000,53,Lao Cai
10/14/2025,25.3,87,4.3,10.2,1000.7,55,Lao Cai
10/15/2025,24.8,89,5.4,7,1001.2,55,Lao Cai
10/16/2025,24.3,91,16.6,7.8,1003.1,63,Lao Cai
10/17/2025,25.3,82,0,7.1,1003.3,3,Lao Cai
10/18/2025,25,76,0,5.2,1002.4,3,Lao Cai
10/19/2025,25.1,79,1,6.2,1002.6,51,Lao Cai
10/20/2025,24.8,84,3.6,8.2,1003.5,53,Lao Cai
10/21/2025,24.4,81,2.2,9.7,1005.4,53,Lao Cai
10/22/2025,23.9,65,0,9.7,1006.8,3,Lao Cai
10/23/2025,22.7,68,0,9.3,1007.9,3,Lao Cai
10/24/2025,21.2,83,0.5,6.1,1007.9,51,Lao Cai
10/25/2025,21.6,83,0,4.2,1006.3,3,Lao Cai
10/26/2025,22.7,79,0,4.9,1006.1,2,Lao Cai
10/27/2025,22.6,77,0,6.4,1006.4,3,Lao Cai
10/28/2025,23.2,74,0,5.5,1005.9,3,Lao Cai
10/29/2025,22,78,0,5.8,1004.8,3,Lao Cai
10/30/2025,23.7,75,0,7,1004.8,3,Lao Cai
10/31/2025,24.1,83,1.2,9.6,1005.3,51,Lao Cai
11/1/2025,22.2,84,0.3,7.6,1006.1,51,Lao Cai
11/2/2025,20.7,86,0.4,5,1006.9,51,Lao Cai
11/3/2025,19.8,81,0.6,5.6,1007.6,51,Lao Cai
11/4/2025,20.6,78,0,5.9,1006.4,3,Lao Cai
11/5/2025,19.9,83,0,5.7,1003.1,3,Lao Cai
11/6/2025,20.6,87,0,4.3,1001.6,3,Lao Cai
11/7/2025,23.9,80,0.2,5.5,1001.3,51,Lao Cai
11/8/2025,23.9,91,14.5,4,1002.1,63,Lao Cai
11/9/2025,24,94,21.4,8.5,1001.1,63,Lao Cai
11/10/2025,23.2,93,14.4,12.4,999.6,61,Lao Cai
11/11/2025,22,89,3.6,8.3,1000.9,53,Lao Cai
11/12/2025,21.1,86,2.6,6,1004.3,53,Lao Cai
11/13/2025,21.6,76,0,4.4,1006.8,3,Lao Cai
11/14/2025,21.2,76,0.1,6.2,1006.6,51,Lao Cai
11/15/2025,20.4,73,0,6.4,1008.6,2,Lao Cai
11/16/2025,20.4,67,0,6.8,1009.5,2,Lao Cai
11/17/2025,20.8,77,5.3,5.4,1009.4,61,Lao Cai
11/18/2025,18.8,91,34.6,10.1,1012.5,63,Lao Cai
11/19/2025,15.5,85,11,5.3,1016.1,61,Lao Cai
11/20/2025,16.4,78,0,5.7,1014.1,3,Lao Cai
11/21/2025,18.3,68,0,7.7,1013,3,Lao Cai
11/22/2025,17.2,72,0,5.8,1010.2,1,Lao Cai
11/23/2025,16.6,75,0,5.2,1008.9,3,Lao Cai
11/24/2025,18.5,71,1.6,7.6,1009.8,61,Lao Cai
11/25/2025,18.3,58,4,10.5,1010.9,61,Lao Cai
11/26/2025,16.4,61,0,6,1009.5,2,Lao Cai
11/27/2025,17.7,54,0,10.9,1013.3,3,Lao Cai
11/28/2025,15.9,55,0,7,1008.2,0,Lao Cai
11/29/2025,14.8,62,0,5.7,1004.2,0,Lao Cai
11/30/2025,15.3,68,0,5.3,1003,0,Lao Cai
12/1/2025,16.1,75,0,4.6,1003.6,1,Lao Cai
12/2/2025,17.4,79,0,4.8,1002.9,2,Lao Cai
12/3/2025,19.4,82,0.5,8.8,1007.8,51,Lao Cai
12/4/2025,17.6,90,4.7,6.2,1008.2,53,Lao Cai
12/5/2025,17.8,90,3.3,4,1009.6,53,Lao Cai
12/6/2025,17.2,94,4.5,4.7,1007.4,53,Lao Cai
12/7/2025,18.3,86,0.7,6.2,1007.7,51,Lao Cai
12/8/2025,18.1,83,2,7.2,1009.3,53,Lao Cai
12/9/2025,18.4,81,0,4.6,1007.7,3,Lao Cai
12/10/2025,17.5,77,0,5.2,1006.8,3,Lao Cai
12/11/2025,17.3,82,0.2,4.4,1007,51,Lao Cai
12/12/2025,17.3,92,0.2,6.3,1004.4,51,Lao Cai
12/13/2025,20.2,73,0.3,10,1008,51,Lao Cai
12/14/2025,18,77,0,6.5,1010.2,3,Lao Cai
12/15/2025,16,75,0,5.1,1007.7,1,Lao Cai
12/16/2025,15.8,86,0,4.6,1007.4,3,Lao Cai
12/17/2025,18.9,81,0.3,5.7,1009.6,51,Lao Cai
12/18/2025,17.7,86,0,5.3,1007.8,3,Lao Cai
12/19/2025,17.9,82,1.5,7.2,1003.3,51,Lao Cai
12/20/2025,18,82,0.2,4.4,1004.5,51,Lao Cai
12/21/2025,18.6,82,1.2,4.9,1007.1,51,Lao Cai
12/22/2025,17.9,88,5.1,7.8,1003.6,61,Lao Cai
12/23/2025,18.8,84,6.6,6,1002.4,61,Lao Cai
12/24/2025,19.4,89,5.9,7,1001.9,55,Lao Cai
12/25/2025,16.7,87,10.6,10.7,1009,63,Lao Cai
12/26/2025,14.6,70,0,6.5,1008.8,3,Lao Cai
12/27/2025,13.6,78,0.1,6.2,1008.7,51,Lao Cai
12/28/2025,12.9,85,0,4.8,1007.9,3,Lao Cai
12/29/2025,15.2,86,0,6.9,1004.4,3,Lao Cai
12/30/2025,15.9,94,4.1,4.9,1003.3,53,Lao Cai
12/31/2025,17.5,89,0.1,8.8,1000,51,Lao Cai
